adname,adress,divisions,lng,lat,bd09lng,bd09lat,wgs84lng,wgs84lat
阿王葡萄主题公园,塔新路与立业路交叉口西北280米,嘉定区,121.2845047,31.3991009,121.2910151,31.40499343,121.2800353,31.40103803
博爱广场,南翔镇栖林路金地格林世界白金果岭,嘉定区,121.3111854,31.30838334,121.3175902,31.31470634,121.3066736,31.31030922
菊园新区市民文化广场,平城路菊园新区党建广场(东北角),嘉定区,121.2464368,31.4005495,121.2529912,31.40626928,121.2419968,31.40250829
菊园新区党建广场,平城路789号,嘉定区,121.2462489,31.40046253,121.2528027,31.40618467,121.2418089,31.40242132
上海优秀城市文化广场,棋盘路与仓桥村路交叉口北80米,嘉定区,121.2466958,31.39992266,121.2532513,31.40563933,121.2422558,31.40188165
双桥公园,华江公路337-2临附近,嘉定区,121.3319761,31.25280083,121.3384073,31.25909741,121.3274223,31.25471049
极限松鼠运动公园,环城路762弄5号楼信业未来中心,嘉定区,121.2446273,31.39764434,121.2511771,31.40338821,121.2401874,31.39960366
毛桥党建公园,霜竹公路与霜竹公路1235弄交叉口西360米,嘉定区,121.2494626,31.47674949,121.2560612,31.48244443,121.245016,31.47869098
旭辉广场,白银路928弄(白银路地铁站1号口步行390米),嘉定区,121.2415324,31.34987896,121.2481052,31.35567744,121.237096,31.35185227
桃溪苑休闲绿地公园,坝桥路与南新路交叉口北120米,嘉定区,121.2154555,31.43625111,121.2218866,31.44250106,121.2109916,31.43817973
旺和苑公园,旺泾村,嘉定区,121.1665689,31.40141272,121.1730683,31.40734325,121.1620194,31.40326839
马陆法治主题公园,北陈路与思义路交叉口东120米,嘉定区,121.3181331,31.33887897,121.3245557,31.34524536,121.3136033,31.34078085
上海大学嘉定校区文荟广场,城中路20号上海大学嘉定校区,嘉定区,121.2445199,31.37924674,121.2510855,31.38499629,121.2400815,31.3812114
楼组党建党员服务广场,新成路,嘉定区,121.2645462,31.3835144,121.2711342,31.38915995,121.260101,31.38547406
腊梅广场,百安公路与恒盛路交叉口西北120米,嘉定区,121.1639418,31.36417396,121.1704854,31.37006428,121.1593902,31.36603582
瞿门路广场,瞿门路339号附近,嘉定区,121.1589445,31.36556119,121.1655093,31.37136578,121.1543828,31.36741341
江桥镇社区文化活动中心广场,华江路129弄,嘉定区,121.3370057,31.25529932,121.3434514,31.26152953,121.3324404,31.25719834
南翔老街-广场,南翔镇解放街206号南翔老街内,嘉定区,121.3049285,31.29269094,121.3113432,31.29894236,121.3004313,31.29463397
伏虎村四组广场,伏虎弄路高庙路伏虎村四组,嘉定区,121.2555887,31.44518823,121.2621857,31.45083547,121.2511433,31.44713541
法治文化主题公园,外冈镇巨门村墨玉北路2700号外冈蜡梅园,嘉定区,121.1450988,31.354825,121.1517083,31.36047929,121.1405124,31.35665684
嘉北国际垂钓文化小镇沸舍广场,沪宜公路5051号嘉北郊野公园内(东侧),嘉定区,121.200156,31.36158348,121.2065778,31.36795118,121.1956755,31.36351147
鑫荟广场,于田南路69弄,嘉定区,121.1766817,31.28261889,121.1831316,31.28873886,121.1721631,31.28453458
嘉定健康主题公园,栖林路与瑞林路交叉口北60米,嘉定区,121.3175777,31.30097018,121.3239683,31.30732701,121.3130524,31.30288717
徐行镇学雷锋志愿服务广场,新建一路与启源路交叉口西80米,嘉定区,121.2769137,31.41842315,121.2834558,31.42418837,121.2724532,31.42036354
海波公园,海波路,嘉定区,121.3373738,31.2678132,121.3438085,31.27403471,121.3328065,31.26970611
上海汽车博览公园,安亭镇博园路7575号,嘉定区,121.1692137,31.28044584,121.1757006,31.28642649,121.16468,31.28234837
华亭哈密瓜主题公园,武双路889号,嘉定区,121.3017824,31.487107,121.3082398,31.49332067,121.2972749,31.48899932
黄渡公园,新黄路40号,嘉定区,121.2120176,31.27040661,121.2184317,31.27669801,121.2075632,31.2723859
嘉定区徐行镇法治主题公园,徐行镇曹王别墅小区,嘉定区,121.2991176,31.43226985,121.3055666,31.43843507,121.29462,31.43417765
嘉北郊野公园北部(龙方园),大碾路与沪宜公路交叉口西北420米,嘉定区,121.1851475,31.37448786,121.1915859,31.38074834,121.180638,31.37638608
菁英湖风情公园,浩翔路芳林路(华润中央公园社区),嘉定区,121.3080967,31.31465863,121.3145151,31.32095275,121.303591,31.31658762
兰郡生活广场,外冈镇百安公路2999弄469号,嘉定区,121.1694658,31.35588806,121.1759869,31.36188267,121.1649261,31.35776296
花海广场,沈海高速,嘉定区,121.2068551,31.37316715,121.2132738,31.37950935,121.2023845,31.37510158
嘉定志愿者广场,平城路菊园新区党建广场,嘉定区,121.2460369,31.40063249,121.2525899,31.40635729,121.2415968,31.40259121
绥德公园,绥德路与桃浦路交叉口北380米,嘉定区,121.3522221,31.27082616,121.3587226,31.27678122,121.347623,31.2726911
陇南公园,陇南路匡巷路路口西北侧,嘉定区,121.3177376,31.27475757,121.3241309,31.28111549,121.3132142,31.27668489
环城河市民休闲公园-紫云廊公园,环城路601号,嘉定区,121.2450734,31.39580686,121.251626,31.40154498,121.2406337,31.39776678
盘陀子公园,环城路北(横沥河旁),嘉定区,121.2435935,31.39563287,121.2501409,31.40139163,121.2391536,31.39759254
新宝社区休闲广场,汇善路嘉定工业区新宝社区-南区,嘉定区,121.1919335,31.40429274,121.1983291,31.41061957,121.1874346,31.40619436
生态公园,大冶路与浏翔路路口,嘉定区,121.2992807,31.38068961,121.305736,31.38685938,121.2947872,31.38261105
国际五金城生活休闲广场,泰云路295弄10号321号,嘉定区,121.2293858,31.31310578,121.2358759,31.31911571,121.2249465,31.31508584
迎园广场,嘉定迎宾路与迎园中路交叉口东北60米,嘉定区,121.2598049,31.38665447,121.2663924,31.392289,121.2553625,31.38861544
南翔镇文体中心广场,南翔镇古猗园路737号,嘉定区,121.3056263,31.30033965,121.3120412,31.30660099,121.301127,31.30227845
江桥镇丽江公园(建设中),海波路与临洮路交叉口,嘉定区,121.330431,31.27014023,121.336841,31.27644874,121.3258792,31.27204534
嘉洲公园,江桥镇陇南路东边巷,嘉定区,121.3366679,31.27285136,121.3430955,31.27908221,121.3321018,31.27474347
嘉定区平安主题公园,环城路环城河市民休闲公园盘陀子公园,嘉定区,121.2436215,31.39554389,121.250169,31.40130227,121.2391816,31.39750359
市民广场,菊园新区胜竹路2100弄6号,嘉定区,121.2459625,31.4052982,121.2525136,31.4110235,121.241522,31.40725563
学习强国主题公园,嘉定环城路,嘉定区,121.2454034,31.39594382,121.251957,31.40167753,121.2409637,31.39790375
外冈郊野公园,恒飞路与墨玉北路交叉口西南40米,嘉定区,121.1430458,31.35923112,121.1496558,31.36487674,121.1384555,31.36105827
安新村俞湾文化广场,大安路与俞湾路交叉口南180米,嘉定区,121.2892114,31.44701718,121.2957222,31.45300396,121.2847304,31.44893629
悠活城生活广场,柳梁路155号(嘉定西地铁站5号口旁),嘉定区,121.2240105,31.3792064,121.2304823,31.3853188,121.219561,31.38115941
栅桥公园,曹安公路新郁路755号,嘉定区,121.3538356,31.25408788,121.3603602,31.26001678,121.3492347,31.25595734
市民广场,嘉行公路3188号,嘉定区,121.2368399,31.46524574,121.2433918,31.47112312,121.2323921,31.46718633
金鹤公园,金沙江西路2048号旁,嘉定区,121.3090886,31.24383031,121.3155243,31.25014018,121.3045868,31.24578688
学习强国主题公园,真新街道栅桥公园(东南角),嘉定区,121.3541989,31.25387041,121.3607255,31.25979259,121.3495973,31.25573937
南苑公园(建设中),群裕路48号,嘉定区,121.247394,31.37252773,121.2539757,31.3782423,121.2429564,31.37449485
海裕广场,福海路(近嘉定汽车站)(南苑公园南园),嘉定区,121.247956,31.37157598,121.2545403,31.37728434,121.2435184,31.37354344
汇源广场,汇源路200号,嘉定区,121.2028925,31.41807096,121.2092817,31.42442583,121.1984117,31.41998684
安亭新镇奥林匹克体育公园,G2京沪高速出口与安礼路交叉口东南140米,嘉定区,121.1611128,31.27385939,121.167642,31.27969297,121.1565633,31.27574956
南翔水生态公园,南翔镇顺丰路168号,嘉定区,121.3298151,31.33221197,121.3362448,31.33853193,121.3252594,31.33409398
博乐广场,博乐路清河路2号(欧尚对面),嘉定区,121.2476958,31.38605958,121.254265,31.39176718,121.243257,31.38802263
嘉定镇街道双拥广场,清河路25号,嘉定区,121.2450032,31.38666652,121.2515632,31.39240756,121.2405643,31.38862906
登龙广场,清河路嘉定镇街道双拥广场,嘉定区,121.2451102,31.38669251,121.2516705,31.39243211,121.2406713,31.38865506
文化广场,嘉戬支路297附近,嘉定区,121.2938579,31.3760949,121.3003429,31.38216892,121.289375,31.37802608
金沙公园,丰庄路69号(近清峪路),嘉定区,121.3548136,31.24485348,121.3613508,31.25076624,121.3502116,31.24672544
水景广场,方泰镇(上海赛车场地铁站5号口旁),嘉定区,121.2216274,31.33385148,121.2281003,31.34000917,121.2171793,31.33581711
腊梅主题公园,外冈镇恒谐路999号,嘉定区,121.1743615,31.33581813,121.1808545,31.34190412,121.1698336,31.33770911
留云公园,南翔镇浩翔路与芳林路交叉口西20米(华润中央公园社区西侧20米),嘉定区,121.3044605,31.31599568,121.3108919,31.32224459,121.2999622,31.31793047
环城河市民休闲公园-五一广场,嘉行公路与金沙路交叉口西南100米,嘉定区,121.2485668,31.39508585,121.2551309,31.4007818,121.2441272,31.39704634
嘉定新城滑板公园,希望路与温泉路交叉口西北180米,嘉定区,121.2406577,31.33434024,121.2472207,31.34015106,121.2362224,31.33631865
北管村休闲公园,北陈路与思义路交叉口东120米,嘉定区,121.3180433,31.33878217,121.3244659,31.34514838,121.3135137,31.34068426
石冈门塘休闲公园,马陆镇,嘉定区,121.2621036,31.34615508,121.268716,31.3517984,121.2576633,31.34812794
昌辉广场,槎溪路与银翔路交叉口南40米,嘉定区,121.3165658,31.29104007,121.3229541,31.29739316,121.3120436,31.29296289
嘉天下休闲广场,南翔镇沪宜公路139弄3号(上海市嘉定震川培训中心),嘉定区,121.3131055,31.292561,121.3194985,31.29889653,121.3085909,31.2944896
山林绿洲口袋公园,叶城路与沪宜公路交叉口东北40米,嘉定区,121.2547965,31.37033875,121.2613965,31.37599083,121.2503578,31.37230613
五月花公园,保利五月花西区正门旁,嘉定区,121.253255,31.40839613,121.2598241,31.41404982,121.2488135,31.41035273
马陆镇双拥运动公园,马陆镇,嘉定区,121.2621156,31.34625404,121.2687281,31.35189739,121.2576753,31.34822686
上海市民体育公园,安亭镇安辰路,嘉定区,121.2328381,31.32971742,121.2393614,31.33566601,121.2283997,31.33169371
仓场健身公园,申裕路与申裕路399弄交叉口东北200米,嘉定区,121.279265,31.36295955,121.2858302,31.36876954,121.2748062,31.36491353
北水湾体育公园,树屏路,嘉定区,121.2381594,31.40454349,121.2446799,31.41038797,121.2337173,31.4064989
马陆公园,马陆镇育英街455号,嘉定区,121.2741512,31.32829924,121.2807287,31.33403291,121.2697016,31.3302701
远香湖党建主题公园,天祝路与裕民南路路口东侧,嘉定区,121.2608382,31.35105818,121.2674515,31.35669975,121.2563983,31.35302994
双拥主题公园,仓场路与茹水路交叉口东40米,嘉定区,121.2708174,31.38547161,121.2773914,31.39116319,121.2663665,31.38742647
复华公园,茹水路与仓场路交叉口南100米,嘉定区,121.2701832,31.38472142,121.2767595,31.39040688,121.265733,31.386677
新成公园,塔城东路335号(近和政路),嘉定区,121.2643339,31.38956976,121.2709164,31.39521289,121.2598884,31.39152776
娄塘公园,嘉唐公路与娄朱公路交汇处南100米,嘉定区,121.2098846,31.42692897,121.2162904,31.4332418,121.2054139,31.42885271
黄渡文化广场,文化街79弄7号,嘉定区,121.2131173,31.26598777,121.2195388,31.27226742,121.2086648,31.26797035
北郊公园-外冈法治文化公园,恒荣路北郊公园(东南角),嘉定区,121.1708027,31.35382426,121.1773177,31.35984444,121.166266,31.35570236
远香湖,白银路,嘉定区,121.2637697,31.35170009,121.2703812,31.35734835,121.2593278,31.35367024
菊园新区垃圾分类主题公园,盘安路红石路交叉口西北角,嘉定区,121.2239402,31.38251834,121.2304083,31.38863114,121.2194903,31.38447029
古树公园,安亭镇光明村泰海路230号,嘉定区,121.2405521,31.31752439,121.2470989,31.32333285,121.2361182,31.31950889
口袋公园,曹安公路与星华公路交汇处东北角,嘉定区,121.272534,31.27234897,121.2790967,31.27805772,121.268091,31.27434318
高昌路居民健身公园,高昌路121号附近,嘉定区,121.2374307,31.37553475,121.2439709,31.38139794,121.2329908,31.37749823
陈家山荷花公园,平城路860号,嘉定区,121.2408581,31.40013129,121.247392,31.4059311,121.2364173,31.40208894
栖霞苑口袋公园,人民街西水关南侧,嘉定区,121.2374593,31.38034929,121.2439948,31.38621073,121.233019,31.38231132
北郊公园,百安公路2699号,嘉定区,121.1705772,31.35418872,121.1770933,31.36020459,121.16604,31.35606628
紫气东来公园,天祝路(近胜辛路),嘉定区,121.2462555,31.34625243,121.2528452,31.3519838,121.2418201,31.34822799
百亩公园,南翔镇卢尔公寓,嘉定区,121.3165988,31.30182371,121.3229906,31.30817783,121.3120756,31.30374219
滨江爱特公园,江桥艾法薇尔幼儿园西南(石粉厂路),嘉定区,121.3104287,31.23220515,121.3168658,31.23852928,121.305925,31.23416462
西上海广场,合作路1018号,嘉定区,121.2479503,31.34508371,121.254545,31.35079483,121.243515,31.34705983
嘉北郊野公园,沪宜公路5051号,嘉定区,121.192345,31.35935597,121.1987755,31.36569515,121.1878507,31.36127174
南水关公园,博乐路70号,嘉定区,121.2512904,31.37844728,121.2578765,31.38412111,121.2468519,31.38041262
新城拓展公园,裕民南路石冈门塘休闲公园,嘉定区,121.2628439,31.34721524,121.2694561,31.35286043,121.258403,31.34918738
同济大学嘉定校区满天星广场,曹安公路4800号同济大学嘉定校区,嘉定区,121.213686,31.28930965,121.2200959,31.29557886,121.2092323,31.29128324
新世纪广场,新世界休闲生活广场,嘉定区,121.3357298,31.26381097,121.3421622,31.27005735,121.3311666,31.2657087
南城墙公园,南大街6号附近,嘉定区,121.249655,31.37768384,121.256238,31.38337277,121.2452168,31.37964947
儿童公园,梅园路226号(近嘉定体育馆),嘉定区,121.2368367,31.38506868,121.2433646,31.39093993,121.2323957,31.38702901
汇龙潭公园,塔城路299号,嘉定区,121.2494456,31.38307624,121.2560226,31.38876583,121.2450069,31.38504024
绿地滨河公园(建设中),鹤望路与金运路交叉口西180米,嘉定区,121.3140514,31.24606706,121.3204751,31.25241682,121.3095387,31.24801366
陈家山公园,胜竹路柳湖路,嘉定区,121.240623,31.40084505,121.2471556,31.40664856,121.236182,31.40280242
儿童公园-梅园广场,嘉定镇梅园路71号,嘉定区,121.2376869,31.38535785,121.2442184,31.39121399,121.2332462,31.38731849
洛克公园(吉嘉商业广场店),崇教路19号吉嘉商业广场F1层(马陆地铁站出入口步行80米),嘉定区,121.2721153,31.32226352,121.2786933,31.32797107,121.2676685,31.32423834
安亭市民广场,墨玉路328号,嘉定区,121.1598949,31.30181273,121.1664265,31.30762518,121.1553406,31.30368933
杭桂绿地公园,杭桂路945号,嘉定区,121.201176,31.27556915,121.2075683,31.28192843,121.1967046,31.27753073
同济大学嘉定校区嘉园广场,曹安公路4800号同济大学嘉定校区,嘉定区,121.2082375,31.28478399,121.2146336,31.2911095,121.2037765,31.28675222
儿童拓展公园,裕民南路与伊宁路路口,嘉定区,121.2621605,31.34651692,121.268773,31.35216038,121.2577202,31.34848963
南翔镇银翔湖公园,南翔镇槎溪路,嘉定区,121.3225767,31.28409841,121.3289653,31.29045431,121.3180416,31.28601272
春盛苑小区休闲广场,嘉松北路与罗家路交叉口北140米,嘉定区,121.2037632,31.27285499,121.2101591,31.27920845,121.1992963,31.27482168
嘉定紫藤园,博乐路45号,嘉定区,121.2542778,31.38158846,121.2608661,31.38724049,121.2498383,31.38355249
南门港公园,新排路与川南奉公路交叉口南80米,奉贤区,121.6457408,30.91265481,121.6522494,30.91857107,121.6415256,30.91498937
青春广场,城乡路与振兴路交叉口,奉贤区,121.5761275,30.92636044,121.5825468,30.93259783,121.5719348,30.92872084
青春广场-法治文化广场,南奉公路与城乡路交叉口西80米,奉贤区,121.5758813,30.92631528,121.5822998,30.93255617,121.5716883,30.92867547
西渡公园,西渡街道扶兰路18号对面,奉贤区,121.4355678,30.990903,121.4419967,30.99726248,121.4309668,30.99289263
共青公园,新柘中路与沪杭公路交叉口东北40米,奉贤区,121.4683162,30.83191014,121.4748001,30.8379402,121.46381,30.83406113
哈士鳍路亚公园,延安中心支路与延安中心路交叉口西北260米,奉贤区,121.4383947,30.88416992,121.4448167,30.89053658,121.433808,30.88622694
玉兰广场,四团天鹏四区(市场路南),奉贤区,121.7238691,30.94396441,121.7304163,30.94971826,121.7195231,30.94615039
塘外村法治微公园,紫苑路与塘外·人民路交叉口东北20米,奉贤区,121.6168586,30.90444561,121.6234456,30.91008455,121.6126792,30.90682146
青溪法治公园,青村·人民路与青村北路交叉口西南160米,奉贤区,121.5774978,30.92809144,121.583922,30.9343086,121.5733067,30.9304521
海塘公园,海湾镇,奉贤区,121.4880983,30.83704486,121.4946704,30.84274815,121.4836577,30.83924832
上海九棵树艺术公园,汇丰西路188号,奉贤区,121.4702586,30.94893415,121.4767492,30.95492651,121.4657486,30.95102193
卫季村党建微公园,团结支路与大卫路交叉口西南40米,奉贤区,121.5973481,30.90475156,121.6038781,30.91061343,121.5931735,30.90713505
江海法治广场,南桥江海花园(上海绕城高速公路北),奉贤区,121.458532,30.90473575,121.4649749,30.91094042,121.4539909,30.90682042
火车头广场,海泉路100号,奉贤区,121.5108005,30.84595333,121.5173846,30.85164706,121.5064405,30.84821959
交通法治广场,瞭海路与星中路交叉口西南100米,奉贤区,121.5621152,30.86626647,121.5685422,30.87263375,121.5579042,30.86864434
上海之鱼泡泡公园,秀竹路上海之鱼南侧,奉贤区,121.4970778,30.92876532,121.5036502,30.93440016,121.4926615,30.93094212
南闸公园,海佳路,奉贤区,121.5281261,30.82326098,121.5346203,30.82922149,121.5238273,30.82558936
青年艺术公园,上海之鱼内(东侧),奉贤区,121.5010204,30.93493947,121.5075943,30.94057072,121.4966178,30.93712446
水边广场,南桥镇湖畔路333号奉贤博物馆,奉贤区,121.4980236,30.93594591,121.5045975,30.94157867,121.4936101,30.93812129
上海之鱼-年丰公园,年丰路与湖堤路交叉口东南120米,奉贤区,121.4904224,30.93473285,121.496985,30.94040847,121.4859818,30.93688621
古华园,解放中路87号,奉贤区,121.4601775,30.91987689,121.4666151,30.92605188,121.4556397,30.9219565
上海奉贤建材市场文化娱乐广场,大叶公路7268号,奉贤区,121.6469498,30.98335478,121.6534828,30.98930138,121.6427267,30.98564544
东南广场,南桥镇解放中路220号古华园(东侧),奉贤区,121.4620191,30.91914797,121.4684651,30.92529169,121.4574866,30.92123244
奉城中心公园,奉城镇奉城老街北侧,奉贤区,121.6500506,30.91826289,121.6565345,30.92425983,121.6458276,30.92058686
新张村党建微公园,南张中心路与奉柘公路交叉口北300米,奉贤区,121.5331755,30.87294923,121.5396793,30.87901444,121.5288887,30.87526241
红叶公园,环城东路2411号,奉贤区,121.4698482,30.9029862,121.4763444,30.90898833,121.4653408,30.90510006
五一公园,百通路与望园南路交叉口东南方向,奉贤区,121.4863273,30.91664536,121.4928824,30.9223666,121.4818738,30.91879734
庄行公园,贤明路与钜庭路交叉口东240米,奉贤区,121.4184883,30.90834571,121.4249402,30.91450024,121.4138719,30.91036542
上海都市菜园-营地公园,海湾镇海兴路888弄1号上海都市菜园,奉贤区,121.5858577,30.86623812,121.5923568,30.87232144,121.5816802,30.86864104
六墩公园,南庄路与六墩中心路交叉口东北120米,奉贤区,121.461738,30.89957779,121.4681996,30.90573066,121.4572064,30.90167311
景观广场,南桥镇解放中路220号古华园(北侧),奉贤区,121.460038,30.92118977,121.4664744,30.92736691,121.4554997,30.92326827
正阳中央公园,南桥镇,奉贤区,121.4732243,30.9142409,121.4797267,30.92017632,121.4687267,30.91635717
星空公园,金钱公路与褚家路交叉口北340米,奉贤区,121.507764,30.92841133,121.5143299,30.9340716,121.5033862,30.93062041
正阳体育公园,南桥镇正环路669弄82号,奉贤区,121.478318,30.90884553,121.4848485,30.91468958,121.4738377,30.91097907
市民公园,百秀路与百齐路交叉口东北50米,奉贤区,121.4821196,30.91568053,121.4886604,30.92146086,121.4776516,30.91782086
青村书法公园,南奉公路与南明路交叉路口西北侧,奉贤区,121.5710513,30.92664576,121.5774545,30.93294624,121.5668513,30.92900053
微光公园,海农公路1588号,奉贤区,121.5616335,30.86370927,121.5680596,30.87007728,121.5574218,30.86608786
海湾镇火车头城市广场,海农公路与民乐路交叉口,奉贤区,121.5609031,30.86414598,121.5673291,30.87051495,121.5566898,30.86652315
达令港公园,汇中路与金闸公路交叉口东南500米,奉贤区,121.5048457,30.98739575,121.5114549,30.9930478,121.5004525,30.98956114
Harbour天台滑板公园,金海公路3399号新世界商业广场c区4-068号,奉贤区,121.4901269,30.91660769,121.4966927,30.92228708,121.4856868,30.9187709
百曲村沿港三组微公园,百曲村沿港334号,奉贤区,121.5282993,30.96088719,121.5348085,30.966855,121.5239897,30.96313573
奉贤区浦南运河法治公园,奉浦街道运河路沿线南上海运河公园(西南角),奉贤区,121.4666721,30.92444597,121.4731374,30.93050442,121.462153,30.92653892
牡丹文化休闲广场,庄行镇安中路153号,奉贤区,121.3950781,30.96303487,121.4016466,30.96877919,121.3904511,30.96501757
沙贝微公园,李家路与白沙路交叉口东40米,奉贤区,121.5233286,30.94705931,121.5298482,30.95293144,121.5190037,30.94930247
奉浦四季生态园,奉浦社区韩谊路515号,奉贤区,121.4656217,30.93715367,121.4720826,30.94323188,121.4610984,30.93923642
朱店村党建微公园,沿钱公路4438号西90米,奉贤区,121.5504656,30.92196187,121.5568665,30.92827752,121.5462237,30.92428615
待问公园,西闸公路1846号,奉贤区,121.420518,30.98601767,121.4269883,30.99221313,121.4158968,30.98799294
春来市民微公园,头桥东路与新奉公路交叉口东160米,奉贤区,121.6436714,30.94817131,121.6501904,30.95404972,121.6394566,30.95048821
望春园,菜场路165-167号,奉贤区,121.4509539,30.90395546,121.457372,30.9102605,121.446393,30.90602392
美乐尔主题公园,南桥镇沪杭公路228号连城商业广场2号楼三楼,奉贤区,121.4264257,30.99122837,121.4328746,30.99750938,121.4218107,30.99320615
兰博广场,兰博路奉德苑东南侧约80米,奉贤区,121.6363307,30.90688962,121.6428847,30.91264844,121.6321304,30.90924209
文化广场(南桥路),解放西路000号,奉贤区,121.4521732,30.91572126,121.4585845,30.92201046,121.4476143,30.91778534
高桥村法治文化广场,南奉公路444号附近,奉贤区,121.6246077,30.9168879,121.6311828,30.92252978,121.6204208,30.91924918
灵01-灵芝体验基地,灵芝村1002号,奉贤区,121.417455,30.94578063,121.4239065,30.95191588,121.4128345,30.94777747
李窑村广场,兴宝食品店西北边,奉贤区,121.5834586,30.9216657,121.5899099,30.92778373,121.5792745,30.92403474
奉贤区统计法治主题公园,潘垫村修身园,奉贤区,121.3896978,30.87837507,121.3962963,30.88406131,121.3850807,30.88041
文化广场,海湾路与人民塘路交叉口东南380米,奉贤区,121.5124528,30.82714478,121.5190142,30.83285196,121.5081002,30.82942661
奉城村文化广场,奉粮路与万佛阁交叉口西140米,奉贤区,121.6407925,30.92018969,121.6473186,30.9260162,121.6365845,30.92252769
天鹏文化广场,鹏程东街四团社区文化活动中心,奉贤区,121.7239764,30.93970885,121.7305215,30.94546053,121.7196307,30.94189726
萧塘公园,肖南路与南虹路交叉口西南160米,奉贤区,121.4318271,30.9625299,121.4382451,30.968862,121.4272223,30.96453112
点睛广场,航南公路湖心岛公园,奉贤区,121.4970282,30.93350937,121.5036008,30.93914443,121.4926113,30.93568321
集合广场,南桥新城航南公路上海之鱼雕塑艺术公园,奉贤区,121.4983421,30.93146951,121.5049152,30.93710147,121.4939301,30.9336485
泡泡广场,秀竹路泡泡公园,奉贤区,121.49968,30.93037816,121.5062534,30.93600878,121.495273,30.93256182
上海之鱼湖心岛公园,金海公路与航南公路交叉口,奉贤区,121.4963126,30.93395096,121.5028847,30.93958841,121.4918931,30.93612239
星火公园,海湾镇莲塘路明城路,奉贤区,121.5596266,30.85399196,121.566047,30.86035986,121.5554115,30.85637289
邬桥健身公园,安邬路与北环路交叉口西南120米,奉贤区,121.3919446,30.96441663,121.3985244,30.97012252,121.3873188,30.9663997
洪庙文化广场,川南奉公路与水闸路交叉口东60米,奉贤区,121.677708,30.92777404,121.6840966,30.93413155,121.673432,30.93004083
平安社区文化广场,平安镇,奉贤区,121.7284484,30.89933742,121.7350253,30.90503719,121.7241029,30.90154573
岳和文体广场,泰青公路与团青公路交叉口南100米,奉贤区,121.5656638,30.93295,121.5720559,30.9392939,121.5614541,30.93529402
志愿者广场,五四公路1130附近,奉贤区,121.7304902,30.86815536,121.7370909,30.87383941,121.7261461,30.8703803
桐叶广场,秀竹路泡泡公园(金海湖地铁站2号口步行490米),奉贤区,121.4912499,30.92868091,121.4978138,30.9343491,121.4868128,30.93084032
五四文化广场,五四公路,奉贤区,121.7301513,30.86823552,121.7367512,30.87392271,121.7258074,30.87046067
浦秀村文化广场,浦灵路与北环路交叉口北80米,奉贤区,121.4058832,30.96955731,121.4124124,30.97548178,121.4012548,30.97153525
休闲广场,海湾旅游区海涵路6号碧海金沙内,奉贤区,121.5494544,30.82237865,121.5558602,30.82868519,121.5452182,30.82475859
南上海运河公园,奉浦街道运河路沿线,奉贤区,121.4674636,30.92485584,121.4739326,30.93089934,121.4629469,30.92695058
奉城镇人口文化公园,兰博路与新奉公路交叉口东80米,奉贤区,121.6335778,30.9069807,121.6401411,30.91270243,121.6293812,30.90933694
朱新村新凨公园,竹馨丁香苑北侧250米,奉贤区,121.6946415,30.88680509,121.7010871,30.89307118,121.6903379,30.88906509
华盛文化广场,新奉公路与头桥东路交叉口东北100米,奉贤区,121.6430374,30.94937367,121.6495603,30.95524095,121.6388235,30.95169087
华东理工大学奉贤校区慢时广场,海思路999号华东理工大学奉贤校区,奉贤区,121.4976289,30.83134261,121.5042122,30.83697877,121.4932228,30.83357775
美谷公园,万顺路2089号,奉贤区,121.510579,30.96249135,121.5171605,30.96818197,121.5062084,30.96468859
华东理工大学奉贤校区亲水广场,海思路999号华东理工大学奉贤校区,奉贤区,121.4976609,30.83225419,121.5042451,30.83789049,121.4932548,30.8344889
明星村六岔道公园,沿钱公路与西星港路交叉口西60米,奉贤区,121.5383868,30.97883707,121.5448635,30.98499621,121.5341071,30.98110075
护民村草地公园,海民南北路与平庄东路交叉口东南40米,奉贤区,121.6286287,30.89320473,121.6352188,30.89887817,121.6244394,30.89557538
冷泾广场,庄行镇冷泾新村,奉贤区,121.3956539,30.90605155,121.4022111,30.91180146,121.3910316,30.9080678
四团幸福公园,四团镇港佳路与港坤路交叉口,奉贤区,121.7334076,30.93673951,121.7399767,30.94239123,121.7290564,30.93892214
庄行镇农艺(郊野)公园,西闸公路,奉贤区,121.4080852,30.98239261,121.4146124,30.98836071,121.4034562,30.9843634
柘林公园,新北路与新粮路交叉口东340米,奉贤区,121.4633495,30.86852004,121.4698372,30.87464929,121.4588252,30.87063744
人和广场,金海公路与泽丰路交叉口东260米,奉贤区,121.4902118,30.93276938,121.4967735,30.93844685,121.4857706,30.93492328
泰日小匝港公园,泰日新建路,奉贤区,121.5562502,30.98416109,121.5626775,30.99052346,121.552017,30.98645956
贤浦公园,贤浦路2554号,奉贤区,121.5047627,30.95954901,121.5113522,30.96519565,121.5003715,30.96173065
元音公园,大叶公路与金建路交叉口西南100米,奉贤区,121.5051776,30.97803528,121.5117828,30.98368808,121.5007864,30.9802072
洪庙小公园,奉城镇洪运路58号,奉贤区,121.6828532,30.93039294,121.6892421,30.936749,121.6785672,30.93264848
运石河公园,柘林镇海湾路与奉柘公路交叉口,奉贤区,121.4972204,30.84377732,121.5038158,30.84941765,121.4928118,30.84600415
贝港河公园,前胜路,奉贤区,121.4633289,30.86315309,121.4698154,30.86928241,121.458805,30.86527354
古海塘文化公园,胡桥路与新柘东路交叉口东南100米,奉贤区,121.4748918,30.83277383,121.4814081,30.83867969,121.4704065,30.83494194
水帘洞广场公园,沪杭公路水帘洞新村(西渡地铁站4号口步行470米),奉贤区,121.426231,30.99585039,121.4326796,31.00212875,121.4216154,30.99782523
三桑公园,陈谊支路,奉贤区,121.4649574,30.963998,121.4714372,30.97009412,121.4604298,30.96606315
西渡小公园,沿江路与沪杭公路辅路交叉口北60米,奉贤区,121.4252684,30.99751221,121.4317196,31.00377796,121.4206514,30.99948506
西渡江边公园,闵浦二桥,奉贤区,121.4245734,30.99745241,121.4310271,31.00370875,121.4199556,30.99942459
和合社区公园,解放东路与德政路交叉口东北角,奉贤区,121.4815701,30.92260684,121.488105,30.92839475,121.4770996,30.9247415
玉兰广场,湖堤路与秀竹路交叉口北240米,奉贤区,121.4911563,30.93116916,121.49772,30.93683814,121.4867186,30.93332681
新开河公园,正博路1882号,奉贤区,121.7432666,30.87711275,121.7498759,30.88275743,121.7389185,30.87932602
蓝湾公园,雪柳路与云樱路交叉口西南60米,奉贤区,121.740777,30.87914794,121.7473868,30.88478738,121.7364288,30.88136081
临港南桥智行广场,金海公路6055号,奉贤区,121.4783765,30.95259381,121.4849086,30.95843718,121.4738926,30.95470162
墩头公园,华星路与大叶公路辅路交叉口西北120米,奉贤区,121.6310676,30.98886577,121.6376647,30.99456538,121.6268675,30.9911768
南行港公园,金钱公路与南行港路交叉口西北角,奉贤区,121.4974968,30.96959237,121.5040982,30.97523338,121.4930786,30.97174622
碧海金沙索道滑水公园,海涵路碧海金沙,奉贤区,121.547155,30.82058919,121.5535662,30.82687024,121.542913,30.82296532
五象广场,奉浦社区环城东路999号五象城,奉贤区,121.4617949,30.92605932,121.4682373,30.93220626,121.4572612,30.92813916
聚贤广场,秀竹路泡泡公园,奉贤区,121.5024089,30.9287173,121.5089816,30.93435077,121.4980118,30.93091015
德园社区公园,德丰路望园南路东北角,奉贤区,121.4805832,30.92832358,121.4871127,30.93412689,121.4761089,30.93045203
二桥村党建微公园,服民路,奉贤区,121.648484,30.96058259,121.654992,30.9665538,121.6442602,30.96288417
智力公园,呼兰西路1号-3号(呼兰路地铁站4号口步行350米),宝山区,121.4291006,31.34215734,121.4355392,31.34846848,121.4244588,31.34396306
罗泾公园(南区),罗泾镇潘沪路298号(近罗宁路)罗泾公园,宝山区,121.3242826,31.48242397,121.3307059,31.48878283,121.3197265,31.48427635
鸽子广场,顾村镇沪太路4788号顾村公园3号门内,宝山区,121.3552848,31.33635377,121.3618251,31.34225809,121.350674,31.33818817
月浦公园,月浦镇龙镇路6号,宝山区,121.4240541,31.41828278,121.4304733,31.42452275,121.4193991,31.42006011
罗泾公园(北区),罗泾镇潘沪路298号(近罗宁路),宝山区,121.323175,31.48399882,121.3295962,31.49036151,121.3186213,31.48585304
宝山滨江公园,临江公园对面,宝山区,121.4920136,31.41269686,121.4985805,31.41835883,121.487538,31.41462487
罗泾公园广场,潘沪路298号,宝山区,121.3244032,31.48390748,121.3308257,31.49026557,121.3198467,31.48575937
友谊公园,密山路98号(近宝林路),宝山区,121.4751151,31.40206925,121.4816223,31.40796823,121.4705819,31.40395134
共和公园,场北路408号,宝山区,121.4259673,31.33407005,121.4324106,31.3403437,121.421322,31.33587508
花神广场,市一路与镇东路交叉口东南100米,宝山区,121.3422674,31.41633877,121.348712,31.42247742,121.3376765,31.41817139
上海吴淞炮台湾国家湿地公园,塘后路206号,宝山区,121.5046543,31.39863848,121.5112297,31.40428059,121.5002256,31.40060822
南大公园,丰收东路388弄,宝山区,121.3664152,31.30802095,121.372975,31.31374221,121.3617872,31.30984914
祁连公园,塘祁路1356号,宝山区,121.3736041,31.32923113,121.3802019,31.33488956,121.3689638,31.33104249
丰翔智秀公园,工业路与山连路交叉口东北100米,宝山区,121.354852,31.30788999,121.3613641,31.31379553,121.3502445,31.30973558
新境地公园,高境路与殷高西路交叉口北120米,宝山区,121.4711947,31.32403755,121.4777046,31.33001582,121.4666555,31.3259341
格力特体育公园,长江西路与通南路167弄交叉口西300米,宝山区,121.4641262,31.34438032,121.4706163,31.35049541,121.4595634,31.34625139
罗泾镇健康主题公园,罗泾镇潘沪路298号(近罗宁路)罗泾公园(北区)内(东侧),宝山区,121.3237796,31.48416263,121.3302013,31.4905232,121.3192245,31.48601567
阳泉公园,阳泉路1401号,宝山区,121.4601836,31.32859986,121.4666458,31.33478118,121.4556107,31.33046691
主题广场,罗泾镇潘沪路与罗宁路交叉口罗泾公园北园,宝山区,121.3233376,31.48441943,121.3297587,31.49078151,121.3187835,31.48627327
大华行知公园,真华路1105号,宝山区,121.4054761,31.27964865,121.4119815,31.28555891,121.4008207,31.28146242
诺贝尔科技公园,罗迎路299号,宝山区,121.354151,31.40336334,121.3606531,31.40928012,121.3495365,31.40517859
白沙公园,杨行镇白沙园路601号,宝山区,121.4325598,31.39770787,121.4389572,31.40404087,121.4279184,31.39950056
庙行公园,刘场路庙行公园(近庙行卫生医疗中心),宝山区,121.4245488,31.32721878,121.4309911,31.33347205,121.4199023,31.32902482
泗塘公园,张庙街道爱辉路70号,宝山区,121.4456088,31.34000756,121.4520356,31.34636063,121.4409977,31.34183946
华灵公园,华灵路698号(大华三路地铁站1号口步行350米),宝山区,121.4181158,31.27996847,121.4245604,31.28611432,121.4134669,31.28178742
月园口袋公园,月浦镇庆安四村,宝山区,121.4264207,31.40543209,121.4328305,31.41170324,121.4217697,31.40721522
盘古公园,盘古路与铁峰路交叉口西北角,宝山区,121.4477339,31.40007702,121.4541305,31.40640755,121.4431224,31.40189416
樱花广场,顾村镇沪太路4788号顾村公园内森林休闲运动园,宝山区,121.366062,31.3394028,121.3726485,31.34513568,121.3614319,31.34121996
罗新公园,罗溪路709号,宝山区,121.3413923,31.42666872,121.3478388,31.43282406,121.3368024,31.42850035
滨水社区公园,潘泾路与顾北东路交叉口,宝山区,121.3974002,31.36215365,121.4039734,31.36793446,121.3927378,31.36393726
罗溪公园,罗店镇市一路130号,宝山区,121.346636,31.41975527,121.3531026,31.42581469,121.3420354,31.42157911
TOGETHER FUN体育公园,蕰川路与南北高架路入口交叉口东南160米,宝山区,121.4304073,31.34713848,121.436844,31.35346272,121.425767,31.34894409
桥空间体育公园,南北高架路与蕰川路交叉口西50米,宝山区,121.4315324,31.34573161,121.4379663,31.35206556,121.4268939,31.34753913
吴淞公园,泰和路5号(近吴淞码头),宝山区,121.4957871,31.37893278,121.50238,31.3845774,121.491328,31.38088162
胡庄公园,泰和西路与富长路交叉口西200米,宝山区,121.4145186,31.35462242,121.4210154,31.36071265,121.4098604,31.35641123
上海长滩坡地公园,牡丹江路1893号,宝山区,121.4735626,31.41639503,121.4800618,31.42232272,121.4690231,31.41826906
上海钢雕公园,长江西路101号,宝山区,121.4755442,31.34816015,121.4820904,31.35406081,121.4710171,31.35006
淞南公园,淞良路300号(近淞发路),宝山区,121.4820591,31.34290573,121.4886326,31.34869526,121.4775544,31.34482576
美兰湖中央公园,美兰湖路与陆翔路交叉口东北角,宝山区,121.3452719,31.39640792,121.3517342,31.40249333,121.3406762,31.39824045
宝山区绿地公园,陆翔路111弄2号楼1619室,宝山区,121.3662269,31.34841048,121.3728168,31.35414201,121.3615957,31.35022432
果园河公园,东至罗和路西至果园河,宝山区,121.3355409,31.38211366,121.3419741,31.38836311,121.3309679,31.38396836
罗泾水源涵养林,罗泾镇川纪路,宝山区,121.3573373,31.48309847,121.3638877,31.4889659,121.3527098,31.48489071
白鹭园,山茶路,宝山区,121.3414575,31.45712965,121.3479318,31.46329102,121.3368648,31.45895429
菊盛公园南区,菊盛公园(东南角),宝山区,121.3664651,31.35388134,121.3730555,31.35960981,121.361833,31.35569302
菊盛公园北区,菊盛公园,宝山区,121.3651148,31.35649713,121.3717,31.36224285,121.3604847,31.35830979
泰力宝体育公园,淞宝路155弄,宝山区,121.4958791,31.38247799,121.5024686,31.38812131,121.49142,31.38442604
泗塘篮球公园,共江路152号(近爱晖路),宝山区,121.453124,31.33242255,121.4595631,31.33870724,121.4485316,31.33427225
韶山路沪联路口袋公园,韶山路沪联路绿地结合,宝山区,121.3611924,31.36215543,121.36776,31.36795809,121.3565685,31.36397189
菊盛公园,顾村镇菊太路与菊盛路交汇处西50米,宝山区,121.3658339,31.35502773,121.372422,31.36076411,121.3612028,31.35683989
尊木公园,沪太路2695号尊木汇国际广场内,宝山区,121.4065667,31.31290179,121.4130765,31.31883485,121.4019086,31.31470255
古银杏公园,堡镇四滧村滧镇,崇明区,121.6470757,31.53362744,121.6535711,31.53956685,121.6428066,31.53569397
双拥广场,定澜路崇明新城公园(东南角),崇明区,121.4208571,31.62059567,121.4273054,31.62679161,121.4161808,31.62234398
自行车主题公园,陈家镇(近长江隧桥出口处),崇明区,121.835341,31.48482033,121.8418809,31.49072301,121.8310981,31.48685948
没顶公园,六滧公路西100米,崇明区,121.7741515,31.59426781,121.7806499,31.60035149,121.7697645,31.59619942
振华公园西园,潘圆公路与长征路交叉口东420米,崇明区,121.658526,31.40729388,121.6649661,31.41344651,121.654247,31.4093642
富民苑竖新镇市民公园,草港公路富民苑,崇明区,121.594149,31.61433107,121.6006751,31.62025392,121.5899146,31.61643885
振华公园东园,潘圆公路3800号附近,崇明区,121.6588424,31.40718831,121.6652812,31.41334637,121.6545628,31.40925807
前卫1966郊野公园,长兴岛秋柑路199号长兴岛郊野公园(西北角),崇明区,121.7019153,31.41218258,121.7083574,31.41832759,121.6975559,31.41417229
崇明新城公园,城桥镇江帆路381弄,崇明区,121.419278,31.62262408,121.4257311,31.62879347,121.4146,31.62437112
东滩湿地公园,东旺路,崇明区,121.947059,31.51902347,121.9535282,31.52507538,121.942893,31.52108817
健康主题公园,北陈公路与前裕公路交叉口东北80米,崇明区,121.8267237,31.5251523,121.8331888,31.53120984,121.8224552,31.52716933
潘石公园,潘石北路1号,崇明区,121.6344968,31.42153259,121.6410492,31.42726374,121.6302564,31.42363873
陈家镇自行车公园,中滨路,崇明区,121.8362624,31.48415413,121.8428071,31.49004011,121.8320219,31.48619511
长兴岛湿地公园,金岸路与丰福路交叉口东220米,崇明区,121.7005529,31.38104947,121.7070071,31.38722252,121.6961982,31.38305012
堡镇市民公园,堡镇石岛路280号,崇明区,121.6170395,31.53148684,121.6236137,31.53712136,121.6128082,31.53359215
双津村村民公园,协津公路与陈海公路交叉口东100米,崇明区,121.3861353,31.66987952,121.3927157,31.67553144,121.3814517,31.67162687
凤凰公园,凤环路与长兴江南大道交叉口东北100米,崇明区,121.6913785,31.39136917,121.6977897,31.39766855,121.6870383,31.39338229
新隆村公园,向蟠公路与崇明新草路交叉口东60米,崇明区,121.5277695,31.61914142,121.5342814,31.62509916,121.5234028,31.62114633
东平国家森林公园-知青广场,北沿公路2288号东平国家森林公园(东南角),崇明区,121.4782186,31.68106669,121.4847593,31.68691494,121.4736715,31.68292858
东平市民公园,东平镇东冉路820号,崇明区,121.5351169,31.67869601,121.5415904,31.68479219,121.5307685,31.68072152
博爱公园,渔乐路与凤凰公路交叉口东180米,崇明区,121.6911017,31.39449373,121.6975097,31.40079541,121.6867617,31.39650645
合欢公园,建港公路与港东三路交叉口西北160米,崇明区,121.4113216,31.67689412,121.4178119,31.68291849,121.4066332,31.67863797
前卫生态村-生态岛主题公园,竖新镇前卫村前卫生态村内,崇明区,121.5083677,31.7250945,121.5149675,31.73076796,121.5039244,31.7270491
廉洁文化主题公园,海舸路505号,崇明区,121.6982206,31.39032129,121.7046562,31.39652989,121.6938689,31.392323
胜林公园,区X522(建设公路),崇明区,121.4530019,31.67430631,121.4594224,31.68058796,121.4483793,31.67610449
西沙明珠湖景区-明珠湖公园,三华公路333号,崇明区,121.2481186,31.73792135,121.2546981,31.7436263,121.2436496,31.73985604
渔港公园,长兴岛内(南侧),崇明区,121.7836462,31.35313119,121.7901037,31.35937551,121.7792944,31.35511736
健康科普公园,凤舞路与长橘路交叉口北80米,崇明区,121.6967064,31.39675983,121.7031311,31.40299008,121.6923566,31.39876222
鲁玙市民公园,合五公路3147号,崇明区,121.6905276,31.57156835,121.6969579,31.57788221,121.6861736,31.5735512
崇明C湖公园,崇州路与翠竹路交口,崇明区,121.4165544,31.6296566,121.4230131,31.63577672,121.4118735,31.63140175
黄杨公园,合五公路与草港公路交叉口西南100米,崇明区,121.6954375,31.57154416,121.7018831,31.57779919,121.691075,31.57351845
三治融合主题广场,521乡道南侧,平湖市,121.1603918,30.77460714,121.1669417,30.78043327,121.1558834,30.77676978
成美公园,廊下新风路与廊华路交叉口东南320米,平湖市,121.186413,30.78242199,121.1928406,30.78869674,121.1819563,30.78462888
309口袋公园,永嘉路,徐汇区,121.4539046,31.21109165,121.4603453,31.21736637,121.4493248,31.21299411
桂江公园,韵达快运(宜山路服务站),徐汇区,121.3998399,31.16174995,121.4063697,31.1675607,121.3951946,31.16361897
有氧公园,零陵路与火炬台路交叉口东80米,徐汇区,121.4361902,31.18515575,121.4425849,31.19150935,121.4315735,31.18703822
吴兴公园,衡山路吴兴路路口(衡山路地铁站1号口步行250米),徐汇区,121.4399144,31.20421786,121.446325,31.21058327,121.4353031,31.20609679
漕河泾开发区公园,桂果路601号(近宜山路),徐汇区,121.395684,31.17116108,121.4022284,31.17690798,121.3910388,31.17302609
口袋公园,漕东支路至龙田路,徐汇区,121.4369666,31.17652742,121.443356,31.18288246,121.4323521,31.17841541
百花街口袋公园,百花街与江安路交叉口南200米,徐汇区,121.4104653,31.14867931,121.4169545,31.154686,121.4058228,31.15055647
天钥桥路口袋公园,汇联商厦南侧,徐汇区,121.4368678,31.19428235,121.4432698,31.2006403,121.4322515,31.1961613
徐家汇公园,肇嘉浜路986号(徐家汇地铁站14号口步行250米),徐汇区,121.4378554,31.19928759,121.4442617,31.20564942,121.4332405,31.20116561
梦公园,桂林路907号(吴中路地铁站2号口步行70米),徐汇区,121.4133725,31.18450367,121.419842,31.19056405,121.4087284,31.18636364
老鹰公园,田林街道田林三中对面(近田林东路),徐汇区,121.4258068,31.17556734,121.4322194,31.18183081,121.4211751,31.1774414
黄道婆纪念公园,徐梅路700号,徐汇区,121.4441778,31.12648212,121.4505992,31.132841,121.439582,31.12840845
上海市滨江滑板公园,瑞宁路,徐汇区,121.463243,31.18792392,121.4696991,31.19404723,121.4586911,31.1898594
西岸自然艺术公园,华泾路190号,徐汇区,121.4479664,31.12367043,121.4543957,31.13000728,121.4433794,31.12560545
桂林公园,漕宝路188号(桂林公园地铁站5号口步行100米),徐汇区,121.4132899,31.16719243,121.4197547,31.17324994,121.4086473,31.16906115
嘉川路小游园,凌云路283号,徐汇区,121.4139621,31.13636613,121.4204465,31.14244209,121.4093226,31.13825136
徐家汇公园法治文化广场,徐家汇公园东北角,徐汇区,121.4384515,31.20115372,121.4448594,31.20751714,121.4338376,31.20303177
东安公园,中山南二路811号(龙华中路地铁站10号口步行220米),徐汇区,121.4497776,31.18712312,121.4561839,31.19343765,121.4451895,31.18902863
光启公园,南丹路17号(徐家汇地铁站1号口步行230米),徐汇区,121.4300102,31.19144798,121.4364207,31.19776141,121.4253829,31.19331887
康健社区体育公园,康健新村街道桂林西街168号康健社区体育场内(近浦北路),徐汇区,121.4131929,31.15450096,121.419664,31.16055815,121.4085513,31.15637621
花桥青年城市公园,Y466(绿地大道),昆山市,121.1360155,31.28344412,121.1425891,31.28908388,121.1314208,31.28528884
沪太公园,新村路37号(近沪太路),普陀区,121.434739,31.26991688,121.4411391,31.27626497,121.4301124,31.2717579
万里公园,富平路715号附近,普陀区,121.4032064,31.26681041,121.4097323,31.27268183,121.3985518,31.26862939
真如公园,大渡河路1894号(近铜川路),普陀区,121.3946628,31.25485915,121.4012354,31.26059845,121.3900106,31.25668458
槎浦公园,金迈路303号,普陀区,121.3260174,31.28987145,121.3324088,31.29621252,121.321474,31.29177685
半马苏河公园二期,光复西路与真光路辅路交叉口西140米,普陀区,121.3624861,31.22733249,121.3690623,31.23311599,121.3578716,31.22920056
建民绿地公园,交通路79号靠近中潭路地铁站,普陀区,121.4333294,31.25769991,121.4397436,31.26404281,121.4287015,31.2595442
建民绿地公园-入口广场,交通路与宜川路交叉口西240米,普陀区,121.4337933,31.25728082,121.4402072,31.26362676,121.4291662,31.25912594
半马苏河公园,云岭西路和云岭东路交接处,普陀区,121.3732286,31.22518997,121.3798352,31.23085332,121.3685978,31.22704501
苏州河梦清园环保主题公园,宜昌路88号,普陀区,121.4358347,31.25251325,121.4422506,31.25887083,121.4312115,31.2543634
长寿健康主题公园,长寿路260号(长寿路地铁站3号口步行290米),普陀区,121.4348835,31.24527791,121.4413066,31.25163269,121.4302593,31.24712989
枣阳公园,枣阳路226号,普陀区,121.3991992,31.23679711,121.4057676,31.24260662,121.3945474,31.23862956
普陀区体育公园,桃浦镇,普陀区,121.3382313,31.28656077,121.344658,31.29276624,121.3336605,31.28844426
桃浦中央绿地,常和路288-3号楼附近,普陀区,121.3678803,31.28383187,121.3744375,31.28953392,121.3632521,31.28566772
祥和公园,真光路1121甲,普陀区,121.3750979,31.2440755,121.3817029,31.249727,121.3704631,31.24591981
桃溪公园,兰溪路近铜川路,普陀区,121.3965647,31.25352057,121.4031318,31.25928665,121.391912,31.25534604
海棠公园,武宁路2650号,普陀区,121.3855367,31.24927562,121.3921368,31.25492931,121.3808905,31.25110826
桃浦公园,桃浦西路1018号(古浪路地铁站4号口步行210米),普陀区,121.3874007,31.28248644,121.3939697,31.28814467,121.3827501,31.28430362
梅川公园,武宁路2361号(梅岭北路地铁站5号口步行480米),普陀区,121.3882264,31.24706137,121.3948237,31.25273359,121.3835784,31.24889325
兰溪青年公园,兰溪路152号(近桂巷路),普陀区,121.4001588,31.2427095,121.4067202,31.24853395,121.3955064,31.24453916
春光公园,武威路1005号,普陀区,121.3528105,31.27670474,121.3593094,31.28264753,121.3482097,31.27856622
清涧公园,金鼎路650号(近万镇路),普陀区,121.3773422,31.2603733,121.3839347,31.26601259,121.3727032,31.26220808
真光公园,真光路1865号(近铜川路),普陀区,121.3803868,31.25591687,121.3869847,31.26155386,121.3757448,31.2577507
百禧公园,曹杨路,普陀区,121.4071134,31.23987961,121.4136443,31.2458291,121.4024618,31.24171093
管弄公园,管弄路29号(近华池路),普陀区,121.4228824,31.25951704,121.4293243,31.26574466,121.4182399,31.26134854
建德花园小公园,香樟路与泾阳路交叉口西北100米,普陀区,121.3535974,31.23836431,121.3601325,31.24430066,121.3489984,31.2402412
普陀公园,光复西路255号(镇坪路地铁站2号口步行310米),普陀区,121.4229947,31.2465509,121.4294483,31.25278329,121.4183535,31.24838822
李子园公园,真南路822弄与武威东路交汇处,普陀区,121.3788063,31.27735585,121.3853847,31.28298849,121.3741641,31.27918197
长风公园,大渡河路189号,普陀区,121.3961531,31.22644491,121.4027343,31.23220829,121.3915029,31.22828275
甘泉公园,西乡路100号,普陀区,121.4235324,31.26911663,121.4299625,31.27535138,121.4188898,31.27094461
半马苏河公园,光复西路6号,普陀区,121.3906147,31.22152427,121.3972118,31.22721941,121.3859674,31.22336655
曹杨公园,枫桥路50号(近梅岭北路),普陀区,121.404249,31.2418577,121.4107926,31.24775373,121.3995967,31.24368771
未来岛公园,桃浦镇绥德路378号,普陀区,121.3702605,31.267612,121.3768349,31.27329228,121.3656302,31.26945161
槎浦公园(西区),金迈路303号槎浦公园,普陀区,121.3258058,31.29066353,121.3321969,31.29700583,121.3212628,31.29256901
启动林公园,绿杨路与雪松路交叉口东380米,普陀区,121.3524264,31.28598551,121.3589194,31.2919345,121.3478256,31.2878438
中心区广场,武威路88弄,普陀区,121.3718075,31.2800771,121.378376,31.28574164,121.3671739,31.2819096
杨树浦电厂遗迹公园,上海国际时尚中心西南,杨浦区,121.5521528,31.26874474,121.5585582,31.27507684,121.5478864,31.27088457
民星公园,殷行街道嫩江路1111号(近中原路),杨浦区,121.5307102,31.31611711,121.5372028,31.32212966,121.5263787,31.31818834
黄兴全民体育公园-仲益体育公园,五角场街道双阳北路363号黄兴全民体育公园(东北角),杨浦区,121.5244528,31.29978924,121.5309628,31.30568048,121.5201021,31.30184988
黄兴全民体育公园,五角场街道双阳北路363号(黄兴公园地铁站2号口步行430米),杨浦区,121.5236061,31.29894831,121.5301197,31.30482407,121.5192526,31.30100693
四平科技公园-膜结构广场,四平路1777号(近中山北二路),杨浦区,121.5013247,31.28947928,121.507899,31.29511067,121.4968932,31.29147649
平凉公园,平凉路1738号(近临青路),杨浦区,121.5383045,31.26882338,121.5447564,31.27497475,121.5340004,31.27093274
江浦公园,长阳路1111号(江浦路口),杨浦区,121.5197379,31.26806752,121.526278,31.27387888,121.5153738,31.27012793
内江公园,控江路261号,杨浦区,121.5406534,31.28895325,121.5470844,31.29514128,121.5363545,31.29105986
延春公园,营口路20号(近靖宇东路),杨浦区,121.5315319,31.29036424,121.538005,31.29638847,121.5272051,31.29244765
黄兴公园-中心广场,营口路699号黄兴公园,杨浦区,121.5252929,31.29531525,121.5317972,31.30122151,121.5209454,31.29737997
黄兴公园,营口路699号(黄兴公园地铁站2号口步行150米),杨浦区,121.525631,31.29535612,121.5321337,31.30126865,121.5212846,31.29742175
复兴岛公园,共青路386号,杨浦区,121.5581068,31.28858142,121.5644941,31.29493933,121.5538525,31.29072399
杨浦公园,双阳路369号,杨浦区,121.5319408,31.28247449,121.5384134,31.28850687,121.527616,31.28456217
大桥公园,杨树浦路宁国南路交叉口,杨浦区,121.5373938,31.2588346,121.5438596,31.26497256,121.5330878,31.26094605
松鹤公园,抚顺路240号(近江浦路),杨浦区,121.5097834,31.28223924,121.5163474,31.28791692,121.505383,31.28426471
波阳公园,波阳路200号(近贵阳路),杨浦区,121.5472958,31.2743502,121.5537088,31.2806337,121.5430165,31.27647773
珠江生活广场,平凉路1889号,杨浦区,121.5398506,31.27143675,121.5462934,31.27761377,121.5355508,31.27354871
惠民公园,惠民路724号(近通北路)(平凉路地铁站5号口步行380米),杨浦区,121.5181652,31.26042045,121.5247192,31.26620862,121.5137963,31.26247965
smpskatepark滑板公园,新江湾城街道淞沪路2100号smpskatepark滑板公园,杨浦区,121.5069948,31.33827056,121.5135984,31.3439343,121.5025797,31.34026634
新江湾城公园,政和路与国秀路进出口西北角,杨浦区,121.5094276,31.33578957,121.5160246,31.34147223,121.5050214,31.33779347
工农公园,包头路929号(近殷行路),杨浦区,121.5334144,31.32784343,121.5399054,31.33391026,121.5290904,31.32991734
口袋公园,江浦路与龙江路交叉口(丹阳路地铁站4号口步行250米),杨浦区,121.5248445,31.2584785,121.531371,31.26438167,121.5204986,31.26055735
机器人公园,江浦路1536号(江浦路地铁站3号口步行230米),杨浦区,121.5134375,31.27902914,121.5199928,31.28474698,121.5090504,31.28106672
四平科技公园-中心广场,内环高架路四平科技公园(国权路地铁站3号口步行380米),杨浦区,121.5028602,31.28914399,121.5094337,31.29477858,121.4984343,31.29114595
宝联公园,九潭路与眉州路交叉口东北120米,杨浦区,121.5253881,31.27319061,121.5318982,31.27910025,121.5210428,31.27526466
四平科技公园,四平路1777号,杨浦区,121.5018044,31.28965863,121.5083785,31.29529076,121.4973746,31.29165721
德惠路口袋公园,东至德惠路、南至顺平路,杨浦区,121.5333564,31.27815576,121.5398242,31.28421545,121.5290364,31.28024888
泗滨绿地,泗凤公路与城松路交叉口西南80米,松江区,121.2420396,31.11236862,121.2486138,31.11815915,121.2376234,31.11445019
健康主题公园,车墩人口文化广场内(北侧),松江区,121.3107604,31.01665441,121.3171814,31.02297744,121.3062744,31.01872881
车墩人口文化广场,北松公路与李高路交叉路口西北侧,松江区,121.3105778,31.01620201,121.3169997,31.02252352,121.3060922,31.01827701
昆西社区公园,昆水街与平原街交叉口东南20米,松江区,121.1298837,31.03464904,121.1364506,31.040332,121.1253021,31.03661308
小昆山园,山西路4号,松江区,121.1294997,31.04029425,121.1360622,31.04598008,121.1249172,31.04225455
沪松公路鼓浪路街心公园,沪松公路与鼓浪路交叉口南40米,松江区,121.279836,31.11906414,121.2864006,31.12488394,121.2753971,31.12112628
水榭亭健康公园,车亭公路1487号,松江区,121.3171232,30.94568944,121.3235182,30.9520459,121.3126293,30.94779412
小昆山健康公园,清河街与昆港公路交叉口西南40米,松江区,121.133724,31.03756971,121.1402967,31.0432218,121.1291472,31.03953693
星体运动公园,玉树路2575-2583号飞航广场4层,松江区,121.2041108,31.01160424,121.2105282,31.01796157,121.1996666,31.01370784
上海影视乐园-和平广场,车墩镇北松公路4915号上海影视乐园内,松江区,121.308838,31.01209364,121.3152682,31.01839915,121.3043565,31.01417415
永丰城市公园,荣乐西路与仓轩路交叉口东北140米,松江区,121.1853571,31.01919795,121.1917909,31.02545999,121.1808783,31.02126569
茭菱公园,茭菱路,松江区,121.2437756,31.04094928,121.2503199,31.04670468,121.2393658,31.04307172
松江中央公园,园中路(松江区政府北侧),松江区,121.2220778,31.03753934,121.2285249,31.04368196,121.2176553,31.03965038
醉白池公园,人民南路64号(醉白池地铁站3号口步行80米),松江区,121.2265981,31.00383156,121.2330961,31.00989971,121.2221827,31.00596648
思贤公园,思贤路与人民北路交叉口东北,松江区,121.2190114,31.03239258,121.225449,31.03858746,121.214586,31.03450343
陈坊公园,佘山镇陈坊菜场南侧,松江区,121.180114,31.10030405,121.1865838,31.10649204,121.1756179,31.10231571
辰山户外公园,辰花路508号辰山山庄(辰山植物园对面),松江区,121.1750728,31.06726242,121.1815364,31.07335477,121.1705693,31.06928326
方松体育公园,方松街道新松江路290号,松江区,121.2275424,31.04354396,121.2340122,31.04958595,121.2231244,31.04565645
五龙湖公园,茸兴路与广富林路交叉口西南140米,松江区,121.2443702,31.05672318,121.2509157,31.06246994,121.2399591,31.05883664
米市渡松南郊野公园,车墩镇松金公路9535号,松江区,121.2460631,30.97262351,121.2526443,30.97835544,121.2416592,30.97478651
九千泾公园,业煌路1726号,松江区,121.1990556,31.13379161,121.2054685,31.14015635,121.1945926,31.13581818
石湖荡镇控烟主题公园,东栅路162号附近,松江区,121.1136107,30.98786878,121.1201474,30.99380542,121.1090181,30.98984505
洞泾镇健康主题广场,洞泾长兴路与洞泾同乐路交叉路口往东北约100米,松江区,121.2665877,31.0842659,121.2731798,31.08992463,121.2621663,31.08635877
其昌公园,其昌公园(嘉松南路东),松江区,121.2279891,31.026795,121.2344726,31.03283149,121.2235729,31.02891759
小昆山健康主题公园,玉昆路与翔昆路交叉口东南40米,松江区,121.1150608,31.03522017,121.1215713,31.04112146,121.110465,31.03716961
佘山度假区自然公园,佘天昆公路佘山国家旅游度假区(西北角),松江区,121.1936761,31.0924659,121.2000997,31.09881275,121.189207,31.09450623
新桥绿地,新育路,松江区,121.3178909,31.06931942,121.324288,31.07567852,121.3133848,31.07135022
松江区塔汇健康主题公园,育新路699号正西方向70米,松江区,121.1754789,30.96969526,121.181962,30.97580053,121.1709845,30.97177389
华阳绿地公园,北松公路与松卫北路交叉口东北角,松江区,121.2620385,31.0053848,121.2686444,31.01102652,121.2576271,31.00752576
仓城口袋公园,玉树路与松江中山西路交叉口东北20米,松江区,121.2048281,31.00841611,121.2112491,31.01477099,121.2003853,31.01052265
街心公园,松汇西路1179号仓城六村旁,松江区,121.2115214,31.00531148,121.2179583,31.01161438,121.2070888,31.00742919
上海影视乐园-外滩公园,车墩镇北松公路4915号上海影视乐园内(东南角),松江区,121.308865,31.01152092,121.3152957,31.01782685,121.3043835,31.01360172
帐篷搭建点郊野公园,车墩镇松金公路9535号米市渡松南郊野公园内(南侧),松江区,121.2489123,30.96316887,121.2554932,30.96886554,121.2445092,30.9653377
假日广场,三新北路900弄泰晤士小镇内,松江区,121.1909461,31.03495233,121.1973496,31.04127231,121.1864768,31.03702083
江秋休闲广场,佘山桃源路与千新公路交叉口西440米,松江区,121.1640586,31.10003625,121.170604,31.1059293,121.1595299,31.10201793
表演广场,佘北路158号上海月湖雕塑公园内,松江区,121.2009401,31.10484722,121.2073656,31.11121517,121.1964828,31.10689256
北斗广场,外青松公路9279号佘山国家森林公园内,松江区,121.1891055,31.09643108,121.1955417,31.10274085,121.1846275,31.09846125
泖港镇健康主题公园,新宾路附近,松江区,121.2097211,30.93411247,121.2161211,30.94042517,121.2052919,30.93626992
全民健康主题公园,新浜镇新绿街,松江区,121.0674812,30.93282547,121.0738885,30.9391085,121.0629197,30.93485055
全民健康主题公园-法治文化公园,新颖路与新绿街交叉口南100米,松江区,121.0664548,30.93272875,121.0728652,30.93899947,121.0618952,30.93475532
玲珑宠物公园,竹亭南路与天窗路交叉口北220米,松江区,121.2710123,30.92448266,121.2775715,30.93017293,121.2666002,30.92666585
健康主题公园,淀浦河路与虬泾路交叉口西280米,松江区,121.3271306,31.1302258,121.3335531,31.13656714,121.3225983,31.13220522
珑缘广场,亭知路与沪亭北路交叉口东北20米,松江区,121.3106511,31.15169269,121.3170575,31.15801102,121.3061538,31.15369155
九亭文化广场-双拥广场,九亭镇,松江区,121.3258145,31.13172051,121.3322335,31.13806984,121.3212851,31.13370165
泗泾健康主题广场,泗泾镇鼓浪路588号正南方向114米,松江区,121.2671462,31.11882223,121.2737504,31.12448805,121.2627214,31.12089557
人鱼广场,佘山林湖路888号欢乐谷欢乐海洋内,松江区,121.2086299,31.09785962,121.2150616,31.10419075,121.2041853,31.0999202
新农河绿地广场,新农河路与蔡家浜东路交叉口东北80米,松江区,121.2884853,31.08879833,121.2950013,31.09477171,121.2840361,31.09086673
千高广场,九峰路118号平高企业集团·平高广场,松江区,121.2263908,31.01838586,121.232875,31.0244546,121.221974,31.02051205
广富林文化遗址-缸池广场,广富林路3260弄广富林文化遗址内(东南角),松江区,121.193831,31.06120689,121.2002265,31.06754753,121.1893648,31.06326519
叶榭桂花公园(装修中),张星公路,松江区,121.3152594,30.9336751,121.3216504,30.94002304,121.3107706,30.93579036
陆国时代广场,[],松江区,121.2570798,31.03218175,121.2636603,31.03781927,121.2526688,31.03430888
松江泖港湿地,泖港镇西厍公路9号,松江区,121.1209559,30.92496099,121.1274875,30.93075902,121.1163741,30.92698024
光星路口袋公园,光星路与茸龙路交叉口南60米,松江区,121.2393482,31.03055872,121.2458818,31.03638511,121.2349382,31.03268586
九亭文化广场,九亭大街473弄1-49号,松江区,121.3254213,31.13255881,121.331839,31.13891011,121.3208927,31.13454025
爱心广场,三新北路900弄泰晤士小镇内(西侧),松江区,121.1896827,31.03606756,121.1960884,31.04237566,121.1852109,31.03813319
街木陆冲公园(恒都广场店),中山街道恒都广场负一层,松江区,121.2422707,31.0400197,121.2488097,31.04579746,121.2378607,31.0421423
市民广场,茸平路与茸梅路交叉口西140米,松江区,121.2405978,31.03775677,121.2471313,31.04356116,121.2361876,31.03988017
市政广场,泰晤士小镇668号,松江区,121.1932702,31.03559779,121.1996687,31.04193541,121.1888052,31.03766992
欧堡利亚集团松江大港休闲广场,昆港公路800号,松江区,121.1448736,31.01497445,121.1514687,31.02062407,121.140316,31.01697124
绿舟苑-岳阳健康主题公园,松江镇绿舟苑,松江区,121.2157132,31.01875426,121.2221512,31.02500194,121.211285,31.02086931
法治文化广场,里陆街与茸梅路交叉口西160米,松江区,121.239509,31.05655967,121.2460353,31.06238129,121.2350968,31.05867181
市民广场,松江新城园中路1号区政府南,松江区,121.2232593,31.03202952,121.2297157,31.0381523,121.2188384,31.03414492
新桥镇文化休闲广场,新桥镇,松江区,121.3099481,31.06480495,121.3163537,31.07111608,121.3054598,31.06685289
欢乐广场,佘山林湖路888号上海欢乐谷内,松江区,121.2135521,31.0971359,121.2199965,31.10341565,121.2091145,31.09920338
昆秀湖,小昆山镇文翔路3988号(近辰塔路),松江区,121.1665252,31.04661927,121.173023,31.05254861,121.162006,31.04863588
广富林文化遗址-骨针广场,广富林路3260弄广富林文化遗址内,松江区,121.1904167,31.06370883,121.1968204,31.07002384,121.1859439,31.0657598
新生丽兰广场,九亭镇寅西路358号,松江区,121.2869909,31.13633432,121.2935093,31.14227818,121.28254,31.1383786
佘山林荫广场,佘山茂御臻品之选酒店佘山林荫新路1288号余山国家森林,松江区,121.2036748,31.09874153,121.2100993,31.10510256,121.1992225,31.10079445
九峯源书法广场,嘉松南路1651号(松江大学城地铁站3号口步行250米),松江区,121.2267289,31.05541655,121.2331944,31.06147377,121.2223092,31.05752152
岳阳广场,中山二路与人民北路交汇处西北角,松江区,121.2231368,31.01248287,121.2296115,31.01861266,121.2187175,31.01460959
星座广场,外青松公路9142号上海佘山国家森林公园西佘山园内,松江区,121.1891767,31.09600644,121.1956124,31.10231687,121.1846988,31.09803698
万圣广场,佘山林湖路888号上海欢乐谷欢乐时光,松江区,121.2139355,31.09841761,121.2203819,31.10469275,121.2094983,31.10048485
上海月湖雕塑公园,佘山镇林荫新路1158号,松江区,121.2016232,31.10477826,121.2080489,31.11114534,121.197167,31.1068247
九亭镇北场社区中心综合文化广场,沪亭南路与北场公路交叉口北80米,松江区,121.3366483,31.10636587,121.3431073,31.112605,121.3320966,31.10834018
吴家浜公园,勤富路503号,松江区,121.3003544,31.11338375,121.3068253,31.11957641,121.2958816,31.11542085
九里亭公园,九里亭街道沪亭北路与涞寅路交叉口西南侧,松江区,121.3116662,31.1471552,121.3180744,31.15348321,121.3071671,31.14915462
泗泾公园,泗泾镇江川路188号,松江区,121.2705187,31.11615976,121.2771166,31.12185446,121.266091,31.11823215
广富林东路休闲公园,广富林东路南侧沿线,松江区,121.2588118,31.05533549,121.2653862,31.06096765,121.254398,31.05744866
新桥公园,新站路430号,松江区,121.3087929,31.06178081,121.3151995,31.06807981,121.3043073,31.06383254
汽车生活广场,沪松路8号百联又一城6楼,松江区,121.2412357,31.01508114,121.2477923,31.02088055,121.2368275,31.01721799
广富林郊野公园,辰塔路3488号,松江区,121.179011,31.06299613,121.1854536,31.0691575,121.1745159,31.06502679
九科绿洲公园,九亭镇中心路与朱金路交汇口,松江区,121.3237171,31.10988346,121.3301449,31.11624553,121.3191944,31.11188049
九亭口袋公园,九新公路与亭中路交叉口北60米,松江区,121.3173431,31.12746404,121.3237624,31.13382751,121.3128332,31.12946353
维也纳金山公园,平度路258号维也纳金山公园,浦东新区,121.5878476,31.25755062,121.5943395,31.26359228,121.5836395,31.25973884
南汇新城星空之境海绵公园,环湖北三路与白荆路交叉口南60米,浦东新区,121.9261198,30.91778062,121.9325162,30.92412384,121.9220324,30.92013868
共享公园,长岛路与菏泽路交叉口西160米,浦东新区,121.590329,31.26542666,121.5968252,31.27141898,121.5861219,31.26761242
滨河公园,航瑞路与鹤亭路交叉口东北100米,浦东新区,121.5887742,31.08651386,121.5952747,31.09253891,121.5845808,31.08878918
一心村健身公园,一心村宋家宅上丰东路2号,浦东新区,121.6780837,31.24533172,121.6845039,31.25169837,121.6737805,31.24742364
公园南入口广场,高斯路635号张江主题公园(东南角),浦东新区,121.6067534,31.20593039,121.6133313,31.21165138,121.602554,31.20814271
海霞公园,祝桥江镇社区,浦东新区,121.7432386,31.17403975,121.7498118,31.17967491,121.7388655,31.17608328
川杨河滨水公园,新科路与上科路以东川杨河以南,浦东新区,121.6036669,31.18853251,121.6102173,31.19429036,121.5994694,31.19075438
浦兴文化公园,"浦兴路街道东陆路705号(地铁6号线、12号线巨峰路站,近张扬北路)",浦东新区,121.5860387,31.28089212,121.5925022,31.28696281,121.5818273,31.28306956
浦东牡丹园,高行镇兰谷路500弄,浦东新区,121.5907633,31.32455403,121.5972716,31.33054063,121.5865515,31.32671638
绿波苑健康主题公园,兴运路10号,浦东新区,121.5777775,31.2883678,121.5842021,31.29458064,121.5735571,31.29053637
碧云体育公园,杨高中路1153号,浦东新区,121.5790573,31.24508226,121.5855201,31.2512835,121.574842,31.24727043
阳光公园,耀东路爱法花园-西区,浦东新区,121.6520056,31.27268814,121.6584838,31.27872332,121.6477498,31.27481702
卫行休闲公园,卫行路上海浦东新区民办鲁冰花小学西北侧约220米,浦东新区,121.5780217,31.16732627,121.5844476,31.1735354,121.5738116,31.16955109
梅园公园,乳山路180号,浦东新区,121.5222407,31.23844448,121.5287952,31.24430491,121.5178877,31.24052502
东方明珠公园,滨江大道2525弄5-25号,浦东新区,121.4956953,31.24311734,121.5023016,31.24876592,121.4912474,31.24511746
北城绿地公园,川沙华夏东路北城绿地(北城小区北),浦东新区,121.6970315,31.20023574,121.703473,31.20646509,121.6926978,31.20231454
临港滨河文化公园,彭平路与池月路交汇处,浦东新区,121.8088068,30.9059799,121.8152178,30.91230564,121.8045451,30.90823294
中房洛克公园,上南路4467号金谊天桥下(11号线2号出口),浦东新区,121.5085536,31.14520295,121.5151326,31.15087304,121.5041604,31.14728984
大星文化公园,合庆镇勤奋村朝勤路160号,浦东新区,121.7150216,31.22382687,121.7215643,31.22973668,121.7106606,31.2258679
舒馨公园,书院一号公寓内,浦东新区,121.8649167,30.97976545,121.8715232,30.98541614,121.8607844,30.98207314
滴水湖儿童郊外公园,南汇新城环湖南一路辅路,浦东新区,121.9345813,30.88820772,121.9410256,30.89447483,121.9304871,30.89057239
毕加索公园,唐丰路与银樽路交叉口西20米,浦东新区,121.6418993,31.21529073,121.6484517,31.22114411,121.6376653,31.21746226
泾东公园,罗山路286号,浦东新区,121.551962,31.24935187,121.5583867,31.25568734,121.5476967,31.25149976
世博文化公园北园,世博大道2200号(世博大道地铁站4号口步行410米),浦东新区,121.4759153,31.18633519,121.4824311,31.19222085,121.4714033,31.18830475
泾南公园,羽山路850号,浦东新区,121.5492546,31.23779509,121.5556931,31.2441081,121.5449835,31.23994273
林空间口袋公园,张江镇哥白尼路川杨河东南角、张江科学会堂北侧,浦东新区,121.6096972,31.18983848,121.6162677,31.19552294,121.6054982,31.19205736
森兰湖公园,启帆路与阔垠路交界处(洲海路地铁站1号口步行390米),浦东新区,121.5893175,31.31508936,121.5958092,31.32110112,121.5851056,31.31725474
江镇市民广场公园,西临川南奉公路、南临晨阳路、北临晚霞路,浦东新区,121.7425741,31.17883039,121.7491494,31.18446403,121.7382006,31.18087168
南汇新城城市公园,南汇新城镇环湖西二路西50米,浦东新区,121.9174403,30.89271578,121.9238557,30.89908008,121.9133606,30.89509641
世纪公园,陆家嘴金融贸易区锦绣路1001号,浦东新区,121.548302,31.21788954,121.554741,31.2241919,121.5440301,31.22004445
城南村社区生态公园,宣黄公路2542号,浦东新区,121.7311478,31.02496447,121.7377261,31.03063654,121.7267903,31.02709647
新场北岛公园,沪南公路与沪南立交桥交叉口东北180米,浦东新区,121.6650953,31.03598414,121.6715147,31.04223984,121.6608347,31.03821112
新南幸福广场,曹治路与新村路交叉口西120米,浦东新区,121.639299,31.00415934,121.6458627,31.00996905,121.6350864,31.00644988
古城公园,新川路117号,浦东新区,121.7030679,31.197298,121.7095319,31.20342693,121.6987249,31.1993685
川沙古城墙公园,新川路171号,浦东新区,121.7025617,31.19671503,121.7090228,31.20285281,121.6982195,31.19878661
开新文体公园,新奉公路555号,浦东新区,121.6418176,31.01985399,121.6483564,31.02570242,121.6375998,31.02213144
幸福公园,幸富路,浦东新区,121.7681159,31.02777175,121.7746174,31.03373382,121.7637694,31.02990106
川沙绿地公园,华东路川环南路口,浦东新区,121.6787342,31.18969797,121.6851309,31.19605965,121.6744344,31.19181499
四季公园,川图路与牌楼环路交叉口西20米,浦东新区,121.7042418,31.15596036,121.7106997,31.1620651,121.6999005,31.15805002
海天湖公园-健康公园,航亭环路与卫亭路交叉口东南40米,浦东新区,121.7576803,31.1034899,121.7642547,31.10927495,121.7533181,31.10557109
滨河绿地公园,听潮路与拱秀路交叉口西160米,浦东新区,121.735751,31.0700312,121.7423323,31.07567253,121.7313878,31.07213424
六灶健身公园,吉灿路18弄1-26号正东方向120米,浦东新区,121.7049395,31.11284058,121.7114342,31.11894109,121.7006009,31.11495231
上海薰衣草公园,申迪东路399弄187号南园,浦东新区,121.6689345,31.14815998,121.6753483,31.15446336,121.6646571,31.15031702
健康主题公园,下盐公路与光明路交叉口西南100米,浦东新区,121.7165949,31.07249182,121.723119,31.07836633,121.7122449,31.07461034
艺泰安邦花园-体育公园,南季路与鸣晓路交叉口西北240米,浦东新区,121.7011819,31.06234647,121.7076249,31.06850517,121.6968531,31.06449239
海天湖公园,祝桥镇,浦东新区,121.7586822,31.10293666,121.7652524,31.10873726,121.7543208,31.10501845
金枫公园,唐镇虹盛路215号,浦东新区,121.6752294,31.24190465,121.6816543,31.24826239,121.670932,31.24400355
唐丰公园,唐丰路881号,浦东新区,121.6424502,31.20480787,121.6489911,31.21066858,121.6382162,31.20698357
鹤坡园-健康公园,新环西路新环南路交界处鹤坡园内(北侧),浦东新区,121.6377445,31.01665944,121.6443036,31.02244188,121.6335331,31.01894493
金桥公园-淮音广场,台儿庄路金桥公园(东北角),浦东新区,121.5898363,31.25988699,121.5963356,31.26589015,121.5856293,31.26207497
金桥公园,台儿庄路408号,浦东新区,121.588869,31.25915814,121.5953643,31.26517995,121.5846615,31.26134608
南汇嘴观海公园,世纪塘路,浦东新区,121.9675297,30.88352911,121.974118,30.8892422,121.9633694,30.88582798
春花秋色公园,南汇新城环湖西二路,浦东新区,121.9459829,30.88020422,121.9524802,30.88628483,121.9418715,30.88255428
航城公园,鹤韵路与鹤驰路交叉口东80米,浦东新区,121.5927769,31.08180599,121.5992922,31.08775361,121.5885862,31.08408518
航东村口袋公园,航鸣路,浦东新区,121.5979023,31.03575205,121.6044255,31.04160175,121.593717,31.03805819
老港公园,沪南公路建中路交界处,浦东新区,121.8343346,31.03779047,121.84084,31.04370426,121.8301263,31.04001284
祝桥镇门球主题公园,朝晖路与江明路交叉口西南80米,浦东新区,121.7433189,31.18237251,121.7498956,31.18800882,121.7389451,31.1844118
蔡路公园,勤昌村西蔡家宅90号,浦东新区,121.7288896,31.21543665,121.7354819,31.22113513,121.7245172,31.21746746
唐城绿地文化公园,唐龙路479号,浦东新区,121.6425386,31.22296902,121.6490923,31.22883469,121.6383029,31.22513591
金团公园,南团公路永晨路交界处,浦东新区,121.7493952,30.9788837,121.7559933,30.98456588,121.7450395,30.98103593
上海海昌海洋公园,银飞路166号,浦东新区,121.901615,30.91502705,121.9080483,30.92123252,121.8975336,30.91740005
雷锋公园,顺航路与东翔路交叉口东100米,浦东新区,121.8068672,31.09737252,121.8132952,31.10371848,121.802585,31.09951039
博爱公园,建中路老港公园(东北角),浦东新区,121.835761,31.03893441,121.8422724,31.04482169,121.8315563,31.04115878
浦东川沙健康公园,川周公路5754号,浦东新区,121.6860024,31.17075924,121.6923941,31.17710146,121.6816905,31.17287223
北蔡消防主题公园-联勤广场,北蔡镇联勤村,浦东新区,121.5468494,31.17032823,121.5532578,31.17660482,121.5425776,31.17250351
汤巷体育公园,康人路570号,浦东新区,121.599122,31.14889248,121.6056563,31.15472256,121.5949276,31.15113543
日新公园,曹路镇瑞祥路268号正东方向174米,浦东新区,121.6633068,31.26340392,121.6697432,31.26963726,121.6590307,31.26551606
滨江大道-欢乐广场,富城路滨江公园,浦东新区,121.4922695,31.23720877,121.4988736,31.24287837,121.4878098,31.23920132
世纪公园-观星广场,陆家嘴金融贸易区锦绣路1001号世纪公园内(东侧),浦东新区,121.5557429,31.21666449,121.5621664,31.22302395,121.5514893,31.21883457
长岛路健康理念公园,长岛路521号长岛路休闲广场,浦东新区,121.575505,31.26505588,121.5819354,31.27130557,121.5712836,31.26723204
济阳公园,耀华路600号(济阳路口),浦东新区,121.4753848,31.1711134,121.4818915,31.17700704,121.4708724,31.17308918
川沙公园,南桥路456-458号(川沙地铁站1号口步行330米),浦东新区,121.6966078,31.19301198,121.7030405,31.19924574,121.6922754,31.19509504
世继未来体育公园,长清路1200号(森宏购物广场地面停车场旁),浦东新区,121.4848142,31.15128203,121.4913688,31.15702407,121.4803355,31.15329488
上南公园,德州路198号(成山路地铁站2号口步行270米),浦东新区,121.4941309,31.16915449,121.5007007,31.17480212,121.4896837,31.17118563
华夏公园,华夏东路285号(近外环),浦东新区,121.6446154,31.19489608,121.6511363,31.20079324,121.6403787,31.19707316
高东公园,光灿路118号,浦东新区,121.6208717,31.32953677,121.6274749,31.33517468,121.6166542,31.33168705
世纪公园管理楼,陆家嘴金融贸易区锦绣路1001号世纪公园(东北角),浦东新区,121.5546811,31.22332456,121.5611092,31.22967985,121.5504245,31.22548954
沿北公园,军民公路2888号,浦东新区,121.5803027,31.14477154,121.5867525,31.15094765,121.5760971,31.14701002
上海一圈青年文化主题公园,陆家嘴中心绿地(陆家嘴地铁站5号口步行340米),浦东新区,121.5015095,31.23987222,121.5081198,31.24551318,121.4970829,31.24189128
吟风公园,齐恒路19号(杨高南路地铁站4号口步行490米),浦东新区,121.5150232,31.19226944,121.5215817,31.19801002,121.5106491,31.19435127
柳园公园,世纪大道(浦东南路地铁站3B口步行450米),浦东新区,121.5033714,31.23801461,121.5099813,31.24366031,121.4989517,31.24004011
高东二路口袋公园,新跃北路路口,浦东新区,121.6221406,31.32705727,121.628741,31.33269649,121.6179222,31.32920722
香梅公园,东绣路与梅花路交叉口东北100米,浦东新区,121.5339315,31.21307741,121.5404246,31.21915508,121.5296188,31.21520112
后滩公园,世博文化公园北侧,浦东新区,121.4682359,31.18549332,121.4747139,31.19152351,121.4636993,31.18744266
蔓趣公园,洪山路201号(近昌里路),浦东新区,121.495988,31.17637336,121.5025612,31.18201219,121.4915469,31.17840639
唐镇公园,唐丰路与银樽路交叉路口西侧(张江国际豪庭西侧约50米),浦东新区,121.6412656,31.2125191,121.6478188,31.218361,121.6370328,31.21469294
莫比乌斯公园,振桥路与申轮路交叉口西南120米,浦东新区,121.6266035,31.28952542,121.6331724,31.29517715,121.6223838,31.29168505
森兰绿地,高行镇启帆路628号,浦东新区,121.5949476,31.30896302,121.6014611,31.31486685,121.590739,31.3111321
合庆郊野公园,浦川路88号,浦东新区,121.718022,31.25721249,121.7245631,31.26306431,121.713655,31.25923482
前滩休闲公园,前滩大道北侧滨江,浦东新区,121.4616551,31.15282586,121.4681035,31.15897696,121.4571016,31.15477542
培花公园,芳草路206-208号(芳华路地铁站2号口步行480米),浦东新区,121.5502485,31.19563403,121.5566625,31.20195105,121.5459834,31.1978037
世博后滩湿地公园,世博大道2200号,浦东新区,121.4651332,31.18378392,121.4715951,31.18987204,121.4605873,31.18572618
广兰公园,张江镇广兰路965号(近紫薇路),浦东新区,121.6155595,31.21087652,121.6221611,31.21652417,121.6113558,31.21308144
临沂公园,东方路3683号(近浦东南路),浦东新区,121.5024581,31.19018976,121.5090414,31.19582582,121.4980392,31.1922353
桃林公园,源深路1111号,浦东新区,121.5347879,31.2273817,121.5412838,31.23347708,121.5304766,31.22950084
港城公园,高桥镇欧高路509号,浦东新区,121.576211,31.35854172,121.5826663,31.36478727,121.5719827,31.36068308
高东镇孝亲敬老主题公园,光明路41-222弄正东方向70米,浦东新区,121.6117778,31.33720546,121.6183784,31.34287783,121.6075657,31.33936002
长青公园,长清路11号(长清路地铁站7号口旁),浦东新区,121.484228,31.17604847,121.490773,31.18179666,121.4797451,31.17804683
东明公园,三林城(三林东地铁站4号口步行210米),浦东新区,121.5149848,31.14842083,121.5215427,31.15416073,121.5106142,31.15052498
前滩体育公园,前滩大道735号,浦东新区,121.4603365,31.14851181,121.4667829,31.15468627,121.4557796,31.15046047
周浦文化公园,周邓公路6851号,浦东新区,121.5929133,31.11489352,121.5994462,31.12084289,121.5887199,31.11715432
张江碧波公园,张江高科技园区碧波路321号,浦东新区,121.5791394,31.20836148,121.5855972,31.21456,121.5749272,31.21056681
张江艺术公园,张江镇张江高科技园区松涛路666号,浦东新区,121.5800085,31.20536547,121.5864671,31.21154908,121.5757976,31.20757295
龚华街心公园,龚华路246号,浦东新区,121.6805345,31.26507044,121.6869357,31.27143403,121.6762249,31.26714905
户外写生合庆郊野公园,王家车路与G1503便道交叉口西北20米,浦东新区,121.7132661,31.26245038,121.7197796,31.2683876,121.7089039,31.26447624
高桥公园,花山路482号,浦东新区,121.568545,31.34772014,121.5749794,31.35405391,121.5643061,31.34985646
新高苑南侧休闲公园,高东镇高建路新高苑雅园,浦东新区,121.6160983,31.29185804,121.6226709,31.29749582,121.6118876,31.29402676
绿洲公园,高行镇近兰谷路庭安路交叉口,浦东新区,121.5935527,31.3288796,121.6000788,31.33481437,121.5893419,31.33104105
金桥镇樱花公园,金京路与佳乐路交叉口西南角,浦东新区,121.6123659,31.27017723,121.6189425,31.27583862,121.6081591,31.27235749
高行绿地公园,高行镇金京路906号,浦东新区,121.6107924,31.28928445,121.6173562,31.29495622,121.6065848,31.29145772
前滩休闲公园-媒体广场,泳耀路与耀体路交叉口西北前滩友城公园内(北侧),浦东新区,121.4683463,31.16208657,121.4748205,31.16811353,121.4638121,31.16404811
开兴体育公园,双桥路318号,浦东新区,121.5989874,31.28860647,121.6055106,31.2944361,121.5947815,31.29078369
运动公园,紫荆花路66号,浦东新区,121.9112529,30.8964872,121.9176733,30.90281614,121.9071745,30.89886911
临港公园,环湖西三路829号,浦东新区,121.911245,30.89515398,121.9176667,30.90148319,121.9071667,30.89753667
锦尊体育公园,成山路与锦尊路交叉口,浦东新区,121.527066,31.18198948,121.5335646,31.18792967,121.5227339,31.1841104
东沟公园,浦东北路1200弄,浦东新区,121.5732785,31.298796,121.579689,31.3050716,121.5690511,31.30095594
杨园体育公园,园二路新园路路口东南角,浦东新区,121.629935,31.31702823,121.6365135,31.32271083,121.6257092,31.31917318
由由公园,严中路300弄23号301室,浦东新区,121.5283984,31.19188796,121.5348983,31.19785537,121.5240698,31.19400753
活力102体育休闲公园,陆家嘴街道乳山路102号活力102俱乐部,浦东新区,121.5164223,31.23695305,121.5230016,31.24271982,121.5120493,31.23901767
锦绣文化公园,高科西路2599号,浦东新区,121.5411718,31.19278701,121.547613,31.19898651,121.5368824,31.19493826
外高桥自贸广场公园,富特西一路至富特北路的马吉路段南侧,浦东新区,121.5853956,31.35032064,121.5918925,31.35641272,121.5811779,31.35247165
世博文化公园,济坤路100号,浦东新区,121.4723217,31.18110272,121.4788169,31.18705437,121.4677984,31.18306508
工友小镇休闲广场,南季路1239号,浦东新区,121.6919724,31.05964373,121.69838,31.06593506,121.687659,31.06180667
三林世博主题公园,大道站路与东书房路交叉口东北角,浦东新区,121.5341262,31.16413032,121.5405877,31.17020375,121.5298182,31.16627888
紫蝶公园,繁锦路1003号(洲海路地铁站2号口步行470米),浦东新区,121.5824336,31.31282391,121.5888902,31.31896283,121.5782163,31.31498653
南浦广场公园,浦东南路2277号,浦东新区,121.5110644,31.20513175,121.5176479,31.21082802,121.5066751,31.20719566
G地公园,源深体育中心张扬路1458号,浦东新区,121.5304934,31.23435893,121.5370098,31.2403732,121.526168,31.23646379
浦东体育公园,源深路655号(源深体育中心地铁站2号口步行370米),浦东新区,121.5320241,31.23350314,121.5385332,31.2395466,121.5277037,31.23561239
花木公园,杜鹃路332号(龙阳路地铁站8号口步行490米),浦东新区,121.5496683,31.20601686,121.5560941,31.21233098,121.5454009,31.20818028
金光村公园,高东镇顾高路1218号3栋,浦东新区,121.6326128,31.29788189,121.6391692,31.30358915,121.6283852,31.30003078
世博公园,世博大道2700号2号(世博大道地铁站1号口步行260米),浦东新区,121.4804346,31.18909879,121.4869727,31.19490675,121.4759376,31.19107967
社区公园,凯德新视界旁,浦东新区,121.8056201,30.96606266,121.8120372,30.97241391,121.8013459,30.96827465
合庆公园,庆荣路398号,浦东新区,121.7190038,31.23780322,121.7255641,31.24364194,121.7146374,31.2398331
Y18-星愿公园,申迪西路1009号,浦东新区,121.6640817,31.13858738,121.6705203,31.14483313,121.6598145,31.14075873
浦发公园,永泰路浦三路口(浦三路地铁站2号口步行130米),浦东新区,121.53575,31.15184262,121.542211,31.15794786,121.531448,31.15400167
环东公园,张江镇孙新路(环东菜市场南侧),浦东新区,121.6505516,31.18539037,121.6570355,31.19139747,121.6463056,31.18756218
海徐路公园,航津路,浦东新区,121.6090861,31.33983644,121.6156819,31.34553388,121.6048749,31.34199153
六团水景公园,川六公路,浦东新区,121.722404,31.15849506,121.7289446,31.16427013,121.7180412,31.16056014
口袋体育公园,广中路街道花园城2期3期与虹口德必运动LOFT交汇处,虹口区,121.4689136,31.27343236,121.4753957,31.27944985,121.4643715,31.27534283
来福公园,北外滩来福士4层空间(提篮桥地铁站3号口旁),虹口区,121.5034161,31.25521202,121.5100132,31.26085456,121.4989951,31.25722996
高兴公园,大连西路246号,虹口区,121.4851385,31.27866539,121.4916893,31.28440168,121.48065,31.28061881
精武公园-欧式喷泉广场,中山北一路与逸仙高架路入口交叉口东南100米,虹口区,121.4811927,31.28968227,121.4877253,31.29547572,121.4766896,31.29161977
和平公园,天宝路891号,虹口区,121.4987679,31.27270759,121.5053496,31.27834077,121.4943286,31.27470403
和平公园-和平广场,新港路和平公园(西南角),虹口区,121.4974372,31.27170303,121.504019,31.27733895,121.4929932,31.2736959
昆山公园,昆山花园路13号(百官街口),虹口区,121.4821674,31.2509576,121.488732,31.25674308,121.477671,31.25291431
江湾公园,新市北路1509号(近丰镇路),虹口区,121.477412,31.30780317,121.483936,31.31366229,121.4728946,31.30972283
凉城公园,凉城路800号(近车站北路),虹口区,121.4673693,31.2998434,121.4738396,31.30588909,121.4628202,31.30173911
四季有美景口袋公园,鲁迅公园欧阳路一侧至朱屺瞻艺术馆段围墙处,虹口区,121.4814356,31.27718414,121.4879733,31.28297482,121.4769344,31.27912747
霍山公园,霍山路118号(近舟山路)(提篮桥地铁站1号口步行400米),虹口区,121.5067088,31.25546966,121.5133014,31.26112857,121.5022997,31.25749736
曲阳公园,中山北一路880号,虹口区,121.4810934,31.28888431,121.4876256,31.29467935,121.4765901,31.29082185
四川北路公园,四川北路1428号(四川北路地铁站1号口步行220米),虹口区,121.4803144,31.25683361,121.4868658,31.26264704,121.4758111,31.25878243
北外滩航海公园,北外滩国客中心(国际客运中心地铁站出入口步行470米),虹口区,121.4932309,31.24978097,121.4998287,31.25544168,121.4887736,31.25177073
鲁迅公园,四川北路2288号(虹口足球场地铁站6号口步行130米),虹口区,121.4790375,31.27370964,121.4855675,31.27954027,121.4745285,31.2756476
霍山公园-入口广场,霍山路118号霍山公园(近舟山路),虹口区,121.5066064,31.25574823,121.5131989,31.2614064,121.5021969,31.2577755
天都里拉休闲广场,亭卫公路6580附近,金山区,121.3422225,30.84830818,121.348694,30.85445444,121.3376805,30.85042238
平安广场,恒康路,金山区,121.3377073,30.85876535,121.3441679,30.8649879,121.3331744,30.86088193
金山广场,山阳镇金山大道2000号,金山区,121.3380833,30.74296131,121.3445475,30.74917857,121.3335593,30.74514091
口袋公园(建设中),临仓街与沈浦泾路交叉口西南角,金山区,121.1688087,30.89464014,121.1753198,30.90061885,121.1643071,30.89675057
文化广场,枫丽路163号,金山区,121.0118789,30.88919556,121.0184737,30.8948675,121.0074805,30.89137589
荟萃园,大堤路208号,金山区,121.3352182,30.71210122,121.341646,30.71835368,121.3307032,30.71430185
紫金广场,公园路288号,金山区,121.1583793,30.89857429,121.1649337,30.90436689,121.1538565,30.90066307
蟠桃广场,朱吕公路吕巷镇,金山区,121.1784162,30.83347935,121.1848703,30.83963276,121.1739393,30.83564318
吕巷水果公园,金石北路3889号,金山区,121.2098925,30.83611577,121.2163082,30.8424307,121.2054718,30.83833057
车镜广场,干巷镇,金山区,121.2317075,30.83212028,121.238208,30.83808583,121.2273103,30.83435971
中联村·党群文化主题公园,中联路与中联支路交叉口东北380米,金山区,121.1351881,30.8168948,121.1417595,30.82253825,121.1306322,30.81899294
菖蒲公园,菖梧村南侧70米,金山区,121.0080497,30.852813,121.0146368,30.85852182,121.0036682,30.8550259
上海市见义勇为纪念广场,亭卫公路与恒康路交叉口平安广场内东北区域,金山区,121.3380325,30.85914054,121.3444945,30.86535815,121.3334988,30.86125629
留溪广场,张堰镇新建路122号,金山区,121.2811196,30.80356616,121.2876427,30.80939837,121.2767055,30.80580934
罗星南路口袋公园(建设中),"朱泾镇G320南侧,东风南路至罗星南路之间",金山区,121.1618988,30.89341387,121.1684435,30.89926594,121.1573833,30.89551212
祥鱼湖广场,山倪路,金山区,121.3723997,30.73745789,121.3790001,30.74312611,121.3678121,30.73958571
港翔休闲广场,亭林镇林镇亭学路109弄22号,金山区,121.3150852,30.89279454,121.3215027,30.89914832,121.3106003,30.89493423
健康广场,大慈路与亭升路交叉口东北80米,金山区,121.3147293,30.89033665,121.3211495,30.89668921,121.3102454,30.89247843
绿地生活广场,龙轩路绿地金卫新家园-东区,金山区,121.30961,30.74448142,121.3160497,30.75079752,121.3051494,30.74671379
山阳广场,龙胜路与杭州湾大道交叉口西140米,金山区,121.3474479,30.73042515,121.3539457,30.7364762,121.3429048,30.73259407
牡丹广场,慧丹路东北40米,金山区,121.2006249,30.88717077,121.2070443,30.89353725,121.1961854,30.88934251
朱泾邻享口袋公园,沈浦泾南路(众安街-众益街),金山区,121.1694697,30.8870868,121.1759844,30.8930798,121.16497,30.8892029
红旗路健康主题广场,红旗东路389号附近,金山区,121.3558862,30.76307264,121.3624292,30.76896601,121.3513236,30.76521029
香颂湾广场,海汇街与龙轩路交叉口南约80米,金山区,121.3341062,30.7521919,121.3405572,30.75846593,121.3295903,30.75437421
护塘法治公园,漕泾镇护塘村漕廊公路与邓桥路交叉口,金山区,121.3753341,30.79904827,121.3819075,30.80469082,121.3707374,30.80113996
健康主题公园,中一西路与富漕路交叉口西200米,金山区,121.3982011,30.79864595,121.4047386,30.80443092,121.3935874,30.80072313
金山区质量科普公园,漕泾小学后门东侧,金山区,121.3925875,30.80096625,121.3991433,30.80667397,121.3879755,30.80304384
藕遇公园,水泾路1055号,金山区,121.3907027,30.82814258,121.3972698,30.83383125,121.3860893,30.83020585
上海漕泾郊野公园,漕泾镇长堰路与朱漕路交叉口,金山区,121.3814481,30.82646412,121.3880277,30.83209782,121.3768421,30.82853462
水库村湿地公园,长堰路与三牧场路交叉路口往东南约150米,金山区,121.3914226,30.82617648,121.3979862,30.83187226,121.386809,30.82824051
山龙绿地广场,板桥西路与山龙街交叉口东北120米,金山区,121.3328088,30.7326944,121.3392485,30.73898259,121.3282975,30.73488926
月牙公园,亭枫公路与朱枫公路交叉口南40米,金山区,121.0046743,30.88522635,121.0112522,30.89097753,121.0003024,30.88743066
滨海公园-动物园,新城路16号滨海公园内(西南角),金山区,121.3401778,30.70798212,121.3466211,30.7141583,121.3356522,30.71017548
中兴村善治主题公园,中甸路与山通路交叉口北20米,金山区,121.3364753,30.77248675,121.3429227,30.7787254,121.3319524,30.77465382
金山星辰绿地广场,朱泾人民路与秀州街交叉口西北120米,金山区,121.161511,30.90556001,121.1680453,30.9114023,121.1569937,30.90765041
朱泾镇新时代文明实践广场,朱泾万安街与南圩路交叉口西20米,金山区,121.1582961,30.89894092,121.1648505,30.90473213,121.1537731,30.90102933
车镜公园,吕巷镇朱吕公路3858号(近松卫路),金山区,121.231284,30.83572002,121.2377859,30.84169449,121.2268862,30.83795712
张堰公园,花贤路68号,金山区,121.2789507,30.80587854,121.2854823,30.81167478,121.2745393,30.8081228
上海廊下郊野公园,漕廊公路(廊下生态园),金山区,121.1602922,30.77864778,121.1668385,30.78447123,121.1557833,30.78080807
金水湿地公园,志伟路与九工路交叉口西南220米,金山区,121.3078626,30.83011113,121.3142786,30.83640157,121.3033985,30.83230002
金山宠四季Plus宠物主题公园,廊下生态园入口后右转300米,金山区,121.152521,30.78888299,121.1590855,30.79459267,121.1479963,30.79102382
亭林公园,华亭路,金山区,121.3080376,30.88413672,121.3144768,30.8904352,121.3035686,30.88629421
顾公广场,"亭林镇第二养老院隔壁,大通路15号对面",金山区,121.3088289,30.88330176,121.3152665,30.88960897,121.3043583,30.88545834
鲁堰村村民公园,鲁堰东路与鲁堰北路交叉口南60米,金山区,121.2994041,30.80978743,121.305841,30.81595454,121.2949588,30.81200197
杨家村党建公园,蒙山路与金山大道交叉口南200米,金山区,121.3363015,30.73907161,121.3427572,30.74531501,121.3317818,30.74125657
滨海公园,石化街道新城路16号,金山区,121.3414889,30.70945703,121.347939,30.71561136,121.3369603,30.71164723
贸中广场,象州路128号,金山区,121.3407172,30.71281776,121.347167,30.718986,121.33619,30.71500773
金山湾时代广场,石化八村象州路128号,金山区,121.3410784,30.71326489,121.3475302,30.71942713,121.3365504,30.71545397
金山公园,近郊朱泾镇公园路96号(朱泾公园路新汇街),金山区,121.1579187,30.89414004,121.1644793,30.89992664,121.1533953,30.89623059
汇龙湖公园,龙山路北,金山区,121.3445988,30.75144822,121.3510924,30.7575547,121.34006,30.75361139
小公园,复旦大学附属金山医院对面,金山区,121.3313306,30.71454832,121.3377487,30.72084873,121.3268242,30.71675514
法治文化主题公园,松金公路与查梅路交叉口东南100米,金山区,121.307745,30.75669847,121.3141893,30.76299462,121.3032874,30.75892775
金水湖健康主题公园,九工路志诚路路口,金山区,121.3054934,30.83353547,121.3119199,30.83979772,121.301034,30.83572654
秦望山百草园,张堰镇漕廊公路8097号,金山区,121.2592886,30.79034022,121.2658709,30.79597416,121.2548968,30.79260717
白漾村法治公园,红光路与漾平路交叉口西南40米,金山区,121.2332802,30.85564361,121.2398102,30.86158505,121.228882,30.85787061
东礁苑,龙临街与东园街交叉口西北100米,金山区,121.3370451,30.72527025,121.3434925,30.7315,121.3325249,30.72746085
枫溪公园,枫泾镇新泾路45号,金山区,121.013292,30.88772328,121.0198906,30.89338537,121.0088886,30.88990027
马棚文化公园,南阳港西路与山海路交叉口西120米,金山区,121.3338942,30.76931226,121.3403356,30.77558672,121.3293774,30.77148591
勇敢公园,勇敢村民委员会南面,金山区,121.1912945,30.79899228,121.1976953,30.8053146,121.1868457,30.80119877
山阳市民广场,杭州湾大道与龙航路交叉口南120米,金山区,121.3338602,30.75945056,121.3403082,30.76572717,121.3293443,30.76162952
新城公园,山阳镇龙航路海芙路,金山区,121.3368964,30.76013953,121.3433547,30.76637438,121.3323736,30.76231238
飞虹公园,老卫清路与飞虹村路交叉口西北150米,金山区,121.3122805,30.72755912,121.3187032,30.73389562,121.3078156,30.72979535
上海动物园,虹桥路2381号,长宁区,121.3583966,31.19516064,121.3649316,31.20100443,121.3537922,31.19705028
新虹桥中心花园,伊犁路97号(伊犁路地铁站4号口步行50米),长宁区,121.4001424,31.20208863,121.4066907,31.20790943,121.3954935,31.20393734
华山儿童公园,华山路1575号(交通大学地铁站6号口步行160米),长宁区,121.430054,31.20600489,121.4364788,31.21232243,121.4254255,31.20786871
临空滑板公园,云岭西路与香樟路交叉口西南240米,长宁区,121.3537257,31.23183511,121.3602631,31.2377695,121.349127,31.23371478
天原公园,水城路735号,长宁区,121.3862603,31.21474622,121.3928625,31.22040493,121.3816165,31.21659426
哈密公园,新渔路与蒲淞南路交叉口南120米,长宁区,121.3693722,31.21542965,121.3759657,31.22112408,121.3647477,31.21729393
临空音乐公园,临华路与协和路交叉口北,长宁区,121.3465399,31.23947039,121.35304,31.24554037,121.3419552,31.24135894
中山公园横丁,长宁路969号兆丰广场地下一层,长宁区,121.4145304,31.21986325,121.4210251,31.22595314,121.409884,31.22170662
水霞公园,仙霞路505号,长宁区,121.3856871,31.20875439,121.3922852,31.21440846,121.3810443,31.21060569
中山公园-米兰广场,长宁路820号米兰广场(中山公园地铁站4号口旁),长宁区,121.41534,31.22144612,121.4218316,31.22755113,121.410694,31.2232892
中山公园,长宁路780号,长宁区,121.414402,31.22346245,121.4208988,31.22955035,121.4097552,31.22530406
虹桥河滨公园,长宁路2080号(锦屏路口),长宁区,121.3960196,31.22142728,121.4025997,31.22718836,121.3913699,31.22326751
梦核公园,江苏北路与万航渡路交叉口东20米,长宁区,121.4194266,31.23006868,121.4259016,31.23624624,121.4147832,31.23191048
长宁虹桥体育公园,绥宁路820号,长宁区,121.3414,31.22317096,121.3478774,31.22933406,121.3368277,31.22507636
天山公园,延安西路1731号(近凯旋路),长宁区,121.4112094,31.21200874,121.4177149,31.21803472,121.4065618,31.21385428
新泾公园,天山西路455号(近淞虹路),长宁区,121.3574671,31.21894148,121.364019,31.22480691,121.3528623,31.2208211
虹桥公园,遵义路101号(紫云西路口),长宁区,121.400928,31.20795887,121.4074787,31.21379432,121.3962785,31.20980467
梅陇好人公园,上中西路788号,闵行区,121.4112802,31.13351587,121.4177804,31.13954192,121.4066394,31.1354014
航华公园,航新路600号,闵行区,121.3430925,31.17617099,121.349541,31.18229508,121.3385206,31.17809624
古美中环运动公园,虹梅路与古龙路交叉口,闵行区,121.4025182,31.15238925,121.4090422,31.15824719,121.3978736,31.15426301
古美体育公园,古龙路11号,闵行区,121.4019039,31.15362248,121.4084297,31.15946942,121.3972591,31.1554956
星乐公园,通海路318号附近,闵行区,121.4681341,31.03932208,121.4746086,31.04535343,121.4636097,31.04135102
法制宣传主题公园,莘谭路闵行区实验小学(莘松校区)南侧约70米,闵行区,121.3667859,31.110383,121.3733771,31.11610759,121.3621745,31.11230481
华翔绿地公园,申昆路291号,闵行区,121.3238832,31.17448075,121.3302728,31.18083238,121.3193545,31.17644318
古美人口文化公园,平南路与莲花路交叉口西南角,闵行区,121.3903657,31.15368824,121.396933,31.15937314,121.3857244,31.15556442
滑板公园,红松东路620号体汇名都体育公园,闵行区,121.3945324,31.19083827,121.4010912,31.19657223,121.3898859,31.19269373
体汇+名都体育公园,虹桥镇红松东路620号,闵行区,121.3942254,31.19123212,121.4007856,31.19696217,121.3895789,31.19308749
颛桥公园,颛盛路525号,闵行区,121.386943,31.06359526,121.3935154,31.06925114,121.3823118,31.06552299
锦梅公园,春申路1960号,闵行区,121.4165816,31.11401932,121.423069,31.12014723,121.4119459,31.11591817
上海浦江郊野公园,浦星公路2578弄8号,闵行区,121.491851,31.05992848,121.498419,31.06559238,121.4874049,31.0620125
虹溪公园,莲花路附近(近海通证券),闵行区,121.3815167,31.17698662,121.3880918,31.18261898,121.3768804,31.17885685
食艺公园,虹井路107号(龙柏新村地铁站3号口步行400米),闵行区,121.3666175,31.17508878,121.3731703,31.18080567,121.3620008,31.1769765
莲心公园,春都路与都庄路交叉口东80米,闵行区,121.4130088,31.08445607,121.4194986,31.09051436,121.4083732,31.08636938
叠翠园,莘朱路与老宅里路交叉口西北100米,闵行区,121.4048928,31.11962446,121.4114344,31.12553257,121.4002512,31.12151589
集心公园,梅陇镇梅富路,闵行区,121.408867,31.11694954,121.4153906,31.12293259,121.4042266,31.11884322
碳路者公园,华西路500号,闵行区,121.361352,31.06524839,121.3678907,31.07104104,121.3567535,31.06720323
闵行文化公园,吴中路2019号(航中路地铁站3号口步行310米),闵行区,121.3559194,31.16663073,121.3624288,31.17251479,121.3513221,31.16853866
凹凸滑板公园,新龙路1285号(中春路地铁站1号口步行280米),闵行区,121.3332118,31.1541145,121.3396268,31.16039147,121.3286637,31.15606961
闵行体育公园,新镇路456号,闵行区,121.3662576,31.14506485,121.3728228,31.15078971,121.361644,31.14696864
马桥古文化遗址公园,北松公路888号,闵行区,121.3866325,31.03656004,121.3932053,31.04221384,121.3820039,31.03850357
七莘路绿地口袋公园,七莘路东侧淀浦河北侧,闵行区,121.3662623,31.12547737,121.3728459,31.1312069,121.3616504,31.12739165
闵行科技幼儿园口袋公园,龙茗路513弄街坊道路上,闵行区,121.3819824,31.13120933,121.3885839,31.13684935,121.3773496,31.13310311
颛联休闲公园,沪闵公路与联农路交叉口东北80米,闵行区,121.398404,31.06639915,121.4049445,31.07218812,121.3937672,31.06832054
永联文化生态公园,景洪路与景联路交叉口北100米,闵行区,121.4383288,31.10288609,121.4447539,31.10925363,121.4337232,31.10481539
梅陇镇法治口袋公园,龙吴路与联曹路交叉口西北140米,闵行区,121.4495624,31.10113926,121.4559979,31.10746332,121.4449812,31.10308983
吴泾公园,剑川路2号,闵行区,121.4730112,31.04886393,121.4795065,31.05480177,121.4685015,31.05090029
THE PARK卡丁公园,吴中路1588号爱琴海购物中心下沉式广场(B1层),闵行区,121.3679096,31.17594781,121.3744666,31.18164952,121.3632908,31.17783338
田园,梅州路445号,闵行区,121.3906382,31.08908336,121.3972262,31.09477651,121.3860024,31.09099452
闵行体育文化休闲广场,新镇路456号闵行体育公园,闵行区,121.3666302,31.14377408,121.3731979,31.14949463,121.3620161,31.14567805
平阳双拥公园,古美路,闵行区,121.3826784,31.1363721,121.3892745,31.14201247,121.3780445,31.13826254
古美科普公园,古美路,闵行区,121.4008566,31.14337073,121.4073962,31.14920208,121.3962128,31.1452493
口袋公园,古美路街道古美八村,闵行区,121.4005977,31.14126282,121.4071406,31.14709035,121.3959541,31.14314253
和园广场,江川路街道香樟时尚广场沪闵路269号香樟广场和园广场,闵行区,121.4182994,31.01024622,121.4247697,31.01640199,121.413674,31.01220551
闵行公园,沪闵路249号(江川路口)(江川路地铁站1号口旁),闵行区,121.4200173,31.01054569,121.4264799,31.01673046,121.4153935,31.01250609
川上美集滨江文创公园,江川路街道,闵行区,121.4181632,30.99876087,121.424642,31.0049163,121.4135387,31.00072683
闵行滨江公园,江川路街道浦江路170号,闵行区,121.4209183,31.0003786,121.4273846,31.00657992,121.4162962,31.00234572
浦江第一湾公园,紫星路,闵行区,121.4681882,31.01663848,121.4746828,31.02267386,121.4636659,31.0186808
休闲公园,澄江路与景洪路交叉口东南280米,闵行区,121.4430981,31.08230649,121.4495084,31.08866663,121.4385038,31.08425532
华漕公园,华美路93号,闵行区,121.3285455,31.22165761,121.3349786,31.22799028,121.3240022,31.22358802
古美公园,平吉路799号(顾戴路地铁站4号口步行270米),闵行区,121.3885603,31.14379711,121.3951407,31.14946793,121.383921,31.14567949
黎安公园,秀文路118号,闵行区,121.3754633,31.1316612,121.3820623,31.1373094,121.3708378,31.13356096
林荫广场,纪高路600号纪王公园,闵行区,121.2641668,31.24009927,121.270775,31.24574841,121.2597341,31.24211341
纪王公园,纪高路598-600号,闵行区,121.2644735,31.24011805,121.2710814,31.2457685,121.2600406,31.24213201
春申公园,虹梅南路1528弄68号,闵行区,121.4241472,31.12053041,121.4306007,31.12678046,121.4195182,31.1224318
力波公园,虹梅南路益梅路转角,闵行区,121.4110709,31.13514587,121.4175705,31.14116753,121.4064299,31.13703045
梅陇生态公园,莘朱路888号,闵行区,121.3993525,31.11873987,121.4059193,31.12455164,121.394711,31.12063185
宜嘉园·浦江沪谚文化公园,浦连路651号,闵行区,121.5308957,31.05315953,121.5373722,31.05917174,121.5265868,31.05536077
G60高速防护林口袋公园,沪闵公路与莘建路交叉口东北角,闵行区,121.3758406,31.1114359,121.382451,31.11708533,121.3712163,31.11334626
红园,江川路354号(近红园路),闵行区,121.4095491,31.00552466,121.4160646,31.01151946,121.4049187,31.00748221
闵行生态公园,东川路3333号闵行开发区生态公园西洋园·企业园,闵行区,121.3706712,31.00056467,121.3772698,31.00624735,121.3660634,31.00254448
闵行市民文化广场,高兴路与莲花南路交叉口西80米,闵行区,121.4015731,31.11629347,121.4081313,31.12214263,121.3969316,31.1181866
梅陇廉洁文化公园,上中西路1250号,闵行区,121.4045966,31.13255235,121.41113,31.13845256,121.3999538,31.13443675
Realpark king sports体育公园,梅州路56号,闵行区,121.3998448,31.09317007,121.4064044,31.09898857,121.3952054,31.09507612
梅陇南方公园,闵虹路与万源路交叉口西南240米,闵行区,121.3930379,31.13112256,121.399619,31.13684222,121.3883972,31.13300951
亚马逊公园萌宠乐园,都市路5001号5楼,闵行区,121.3821372,31.10878748,121.3887493,31.11443057,121.3775062,31.11069335
莘庄南广场公园,珠城路与名都路交叉口西南100米,闵行区,121.3832845,31.10683383,121.3898956,31.11247995,121.3786526,31.10873985
闵行开发区生态公园西洋园·企业园,东川路3333号,闵行区,121.3706692,31.00060265,121.3772678,31.00628534,121.3660614,31.00258244
莘城中央公园,闵城路180号(近珠城路),闵行区,121.3821114,31.10698949,121.3887233,31.11263247,121.3774806,31.10889637
梅陇生态公园,梅陇镇得翠园绿地停车场以北,闵行区,121.3987916,31.11777936,121.4053611,31.12358224,121.3941502,31.11967194
市民文化广场,景谷路与金平路交叉口东南80米,闵行区,121.4050418,31.0166522,121.4115691,31.02255957,121.4004092,31.01860223
古藤园,江川路街道临沧路148号(东川路江川路间),闵行区,121.382364,31.00492397,121.3889701,31.01056612,121.3777418,31.00688918
莘庄公园,莘浜路421号,闵行区,121.3680147,31.10393012,121.3746086,31.10964011,121.3634019,31.10585387
五福广场,莘浜路421号莘庄公园(西南角),闵行区,121.3665928,31.10316023,121.3731822,31.10888687,121.3619823,31.10508629
银杏公园,东川路与金平路交叉口西南角(金平路地铁站1号口步行110米),闵行区,121.4065388,31.01274703,121.4130628,31.01868322,121.4019068,31.01469958
嘉和公园,梅陇西路666号(莲花路地铁站5号口步行460米),闵行区,121.3982737,31.12782587,121.404839,31.133619,121.3936316,31.12971308
外环高速绿地口袋公园,S20外环高速与淀浦河西侧,闵行区,121.3782408,31.1283826,121.3848449,31.13402285,121.3736122,31.13028129
诸翟公园-闵行市民文化广场,运乐路188号诸翟公园(东南角),闵行区,121.2829014,31.21049005,121.2894455,31.21636051,121.2784505,31.21250167
五星体育公园,航中路与吴中路交叉口北60米(航中路地铁站2号口旁),闵行区,121.3511191,31.16870018,121.3576052,31.1746739,121.346531,31.17061503
鑫都路水文化公园,莘庄工业区鑫都路2430号附近,闵行区,121.3942508,31.06011901,121.4008025,31.06584731,121.3896157,31.06204508
法治文化主题公园,申长路与迁虹路交叉口西60米,闵行区,121.3074259,31.21359942,121.3138645,31.21989053,121.3029302,31.21557293
嘉丽苑广场,新龙路汇宝购物广场北侧约100米,闵行区,121.3448254,31.15930464,121.351284,31.16539786,121.3402512,31.1612354
嘭嘭体育公园(暂停开放),漕宝路3366号七宝万科广场六层,闵行区,121.3462337,31.15698042,121.3527003,31.16304788,121.3416567,31.15890986
博君生活休闲广场,中春路6785号,闵行区,121.3449432,31.1357659,121.351423,31.14186226,121.3403708,31.13770887
万泰中心广场,七宝镇七莘路2299弄万泰花园127号楼,闵行区,121.3510274,31.1441102,121.3575283,31.15008956,121.3464416,31.14603803
七宝老街-蒲溪广场,七宝老街,闵行区,121.3489575,31.1541493,121.3554393,31.16016581,121.3443751,31.15607542
年轮公园,天山西路与申滨路交叉口西100米,闵行区,121.3019186,31.21393506,121.3083768,31.22015102,121.2974342,31.2159178
光明乳业华东中心广场,紫东路489号光明乳业华东中心广场,闵行区,121.3457849,31.01483796,121.3522697,31.02091898,121.3412211,31.01684778
七宝老街-钟楼广场,青年路,闵行区,121.3489803,31.15609724,121.3554609,31.16211295,121.3443977,31.1580223
马桥科普文化广场,东新街2弄5号,闵行区,121.3655945,31.03043301,121.3721523,31.03616509,121.3609919,31.0324019
市民广场,吴中路2019号闵行文化公园(南侧),闵行区,121.3574472,31.16120326,121.3639654,31.16706041,121.3528475,31.16311156
川源公园,永平路251号,闵行区,121.4269942,31.0190707,121.4334228,31.02535397,121.4223776,31.02103271
闵行区民法典主题公园,市民文化广场,闵行区,121.4919516,31.08096878,121.4985377,31.08663644,121.4875041,31.08304112
七宝老街-闵行市民文化广场,七宝老街南大街9号七宝茶馆内,闵行区,121.3490143,31.15570139,121.3554953,31.16171653,121.3444316,31.1576266
莘聚场口袋公园,莘建路北侧,闵行区,121.3693047,31.10684203,121.3759029,31.11253844,121.3646897,31.10876251
严家湾休闲广场,华漕镇赵家村严家湾14号,闵行区,121.2455262,31.2569945,121.2520973,31.26273109,121.2410983,31.2590048
莘庄梅园,莘庄立交与S4沪金高速交汇处南200米路东,闵行区,121.3882397,31.11750644,121.3948424,31.12318023,121.3836029,31.11940317
马桥公园,富岩路298弄15号,闵行区,121.3653167,31.03310679,121.3718713,31.03884196,121.3607143,31.0350745
过遇园·3D打印艺术景观公园,申兰路1420号,闵行区,121.3174343,31.20431122,121.3238459,31.21067301,121.3129176,31.20627103
西环路绿地口袋公园,中春路与疏影路交叉路,闵行区,121.3568168,31.12085372,121.3633657,31.1267307,121.3522217,31.12278448
丰泰体育公园,联恒路1002号联恒路顾家堰路路口东20米顺丰丰泰C栋三层,闵行区,121.5346119,31.0881177,121.5410976,31.09420693,121.5303117,31.09030859
君莲剪纸公园,春都路闵行区颛桥社区卫生服务中心君莲分中心西北侧约230米,闵行区,121.4110935,31.08306763,121.4175913,31.08908927,121.406457,31.0849809
魔幻体育公园,北华路120号,闵行区,121.3265782,31.23035431,121.3330094,31.2367019,121.3220386,31.23228443
诸翟公园,运乐路188号,闵行区,121.2824521,31.21087545,121.2889986,31.21673806,121.2780018,31.21288741
许浦公园,华漕镇许浦村四队,闵行区,121.3344694,31.23039631,121.3409207,31.23666573,121.3299119,31.23231134
春申湖广场,黎安路188号,闵行区,121.3600665,31.12907755,121.366624,31.1348971,121.3554648,31.13099879
江玮公园,浦江镇江玮路269号,闵行区,121.5290302,31.06211167,121.5355193,31.06808918,121.5247145,31.06430283
旗忠公园,光华路2450号,闵行区,121.3452251,31.06010459,121.3516853,31.06619038,121.3406586,31.06208913
闵行市民文化广场,西新街东新街2弄小区,闵行区,121.3658102,31.02996402,121.3723691,31.03569341,121.3612073,31.03193288
北极星市民广场,盈清路188号北极星广场,青浦区,121.0887634,31.14262894,121.095177,31.14895395,121.0841581,31.14451436
芦花广场,海盈路与港俞路交叉口东北260米,青浦区,121.1011979,31.14621472,121.1076502,31.1523747,121.0965881,31.14809641
港隆休闲广场,盈港路453号,青浦区,121.1097701,31.16083731,121.1162518,31.16683726,121.1051607,31.16271399
杨家庄健身广场,沈泾塘路与凤联路交叉口南200米,青浦区,121.2002466,31.18002223,121.2066363,31.18638149,121.1957817,31.18202662
上海朱家角古镇旅游区-银杏树广场,美周路,青浦区,121.0511446,31.11074595,121.0576584,31.11677268,121.046603,31.11269566
新木桥村文化广场,新凤南路233弄72号,青浦区,121.2317543,31.20389472,121.2382668,31.20986237,121.2273259,31.20592387
佘山国家森林公园,崧泉路1026-1号,青浦区,121.1522222,31.15719852,121.158782,31.16290308,121.1476656,31.159128
太浦河白渔荡湿地,莲龚路西侧,青浦区,120.9685996,31.02324702,120.9750125,31.02957291,120.964344,31.02547521
悦·北新党建文化广场,凤星路与新凤中路交叉口东北420米,青浦区,121.2291714,31.20929068,121.2356764,31.21530878,121.2247407,31.21131539
朱家角镇市民广场体育公园(暂停开放),浦祥路与珠扬路交叉口东北150米,青浦区,121.0404461,31.1086841,121.0470102,31.1145149,121.035934,31.11065859
朱家角市民广场,沙家埭路与珠溪路交叉口西240米,青浦区,121.042026,31.10573822,121.0485827,31.11159583,121.0375095,31.1077106
东方绿舟-未来广场,沪青平公路6888号东方绿舟(东北角),青浦区,121.0106924,31.11220611,121.0172941,31.11789029,121.0062796,31.11426024
国博园中央文化广场,虹桥世界手工艺产业博览园(诸光路36号、66号),青浦区,121.3159224,31.16213133,121.3223133,31.16848245,121.3114127,31.16411511
国家会展中心(上海)南广场,盈港东路166号附近,青浦区,121.2998081,31.18842318,121.3062511,31.19459912,121.29533,31.19042179
火星村党建广场,凤溪塘路g15号,青浦区,121.2495112,31.22305459,121.2561092,31.22874899,121.2450861,31.22508058
白鹤健康广场,建屯路169号正东方向70米,青浦区,121.078955,31.25899349,121.0853624,31.26535645,121.0743487,31.2608287
北城广场,乐高路与崧泽大道交叉口南50米,青浦区,121.2361141,31.17736577,121.2426256,31.1832467,121.2316904,31.17941062
香雪公园,老朱青路280号对面,青浦区,121.1035809,31.14145014,121.1100486,31.14756959,121.0989717,31.14333478
福泉山广场,福泉山路658号,青浦区,121.1729039,31.20214624,121.1793919,31.20820186,121.1683845,31.20409105
赵巷镇健康广场,赵中路赵巷影剧院,青浦区,121.1911105,31.15229112,121.1975154,31.15861303,121.1866315,31.15429455
东方绿舟景区-湖滨广场,银杏北路与湖滨大道交叉口西280米,青浦区,120.9979387,31.10464771,121.004495,31.11050592,120.9935734,31.10674457
练塘健康广场,练塘镇文化路128号,青浦区,121.0390015,31.011638,121.0455604,31.01744236,121.0345019,31.01367146
蟠龙天地喷泉广场,蟠鼎路123弄8号,青浦区,121.2721983,31.19080999,121.2787645,31.19651559,121.2677626,31.192842
太阳岛迎宾广场,沈太路2588号,青浦区,121.086112,31.0353768,121.0925097,31.04171803,121.0815179,31.03732349
五茸口袋公园(建设中),崧建路上海师范大学附属青浦实验学校东侧,青浦区,121.1911181,31.2042508,121.1975387,31.21057686,121.1866347,31.20622799
火星村小广场,火星村157号,青浦区,121.2529438,31.21251481,121.2595429,31.21817864,121.248519,31.21454558
国家会展中心-圆形瀑布广场,崧泽大道333号国家会展中心,青浦区,121.2973149,31.19171972,121.3037718,31.19785362,121.2928413,31.19372065
国家会展中心中心广场,崧泽大道333号国家会展中心(上海),青浦区,121.2973548,31.19170167,121.3038115,31.19783627,121.2928812,31.19370255
蟠龙天地戏台广场,蟠鼎路123弄8号,青浦区,121.2701158,31.19136369,121.2766881,31.19704755,121.2656821,31.19339708
梦谷体育公园,华徐公路与徐祥路交叉口北160米,青浦区,121.262049,31.20019657,121.2686423,31.20583493,121.2576211,31.20223057
民惠法治文化广场,新胜路155号,青浦区,121.0966786,31.21381654,121.1031313,31.22005319,121.0920636,31.21566406
申源口袋公园,陈华江路与福滨路交叉口东南角,青浦区,121.1818125,31.19342392,121.1882517,31.19963303,121.1773119,31.19538966
赵巷体育公园,业文路北侧,青浦区,121.2231663,31.12650602,121.2296462,31.13263662,121.2187374,31.12856801
赵巷公园,镇泽路与巷崧路交叉口南220米,青浦区,121.1935421,31.15963628,121.1999373,31.16597501,121.189067,31.16164007
苏宁公园,公园路458号凯特利广场,青浦区,121.1125669,31.15073462,121.1190691,31.15668328,121.1079597,31.15261808
青浦春暖绿地公园,崧润路,青浦区,121.1555523,31.1502482,121.1621065,31.15599618,121.1510025,31.15218717
华新镇党建广场,新凤中路博隆虹桥商业广场西南侧约290米,青浦区,121.222071,31.23740833,121.2285511,31.24355963,121.2176316,31.23941367
音乐公园,庙前街21号,青浦区,121.1083183,31.14923446,121.1148011,31.15526409,121.1037094,31.15111654
华益村徐介广场,华益路与华纪路交叉口西北220米,青浦区,121.2312025,31.25743362,121.237711,31.2634114,121.2267692,31.25943769
梅香公园,漕盈路与漕俞路交叉口西南80米,青浦区,121.0897135,31.16083318,121.0961147,31.16714605,121.0851061,31.16270867
青西郊野公园,紫莲路500号,青浦区,120.9920374,31.07063785,120.9985382,31.07659686,120.9876965,31.07277166
沁园湖绿地广场,清河湾路819弄71西北方向160米,青浦区,121.0928995,31.17297158,121.0993074,31.17925017,121.0882893,31.17483984
申源广场,陈华江路与福滨路交叉口西160米,青浦区,121.1832442,31.19364638,121.1896781,31.19987713,121.1787464,31.19561465
沁园湖公园,清河湾路与盈顺路交叉口西120米,青浦区,121.0937243,31.17368021,121.1001349,31.17994877,121.0891137,31.17554793
长岛公园,胜利路,青浦区,121.0976077,31.16622837,121.1040322,31.17244301,121.0929966,31.16809945
云朵公园,北淀浦河路与浦仓路交叉口西南120米,青浦区,121.1163486,31.14365956,121.1228754,31.14954004,121.1117444,31.1455493
如心公园,港俞路以东海盈路以南,青浦区,121.0993086,31.14516675,121.1057538,31.15135834,121.0946991,31.14704883
上善广场,城中北路与盈秀路交叉口南340米,青浦区,121.1088582,31.16533939,121.1153338,31.17135626,121.1042481,31.16721331
环城水系公园,城中北路东100米,青浦区,121.1089813,31.16550038,121.1154575,31.1715149,121.1043712,31.16737428
福寿园新四军广场,外青松公路7270弄600号,青浦区,121.1304207,31.11353397,121.1370216,31.11922023,121.125833,31.11545395
上海人文纪念公园,外青松公路7270号,青浦区,121.1300172,31.11240505,121.1366173,31.11809512,121.1254291,31.11432516
淀山湖大道公园,淀山湖大道与中字河路交叉口东北120米,青浦区,121.0532041,31.13201261,121.0596964,31.13807527,121.0486556,31.13394666
健康主题公园,京华路,青浦区,121.2737442,31.16999297,121.2802952,31.17571438,121.2693085,31.17203415
爱多邦公园,崧淀二路与青湖东路交叉路口往东南约50米,青浦区,121.1513754,31.14677949,121.157946,31.15247689,121.1468181,31.14871298
口袋公园,建新村,青浦区,121.0959435,31.06425496,121.1023667,31.0704952,121.0913416,31.06618182
淀山湖栾树林公园,港周路,青浦区,121.0630235,31.13197716,121.0694725,31.1382081,121.0584534,31.13389399
华新公园,华新镇华富街666号(近新府北路),青浦区,121.2243472,31.24471685,121.2308338,31.25082651,121.2199094,31.24672106
青溪园,淀浦河南侧青松路西侧至柘泽塘,青浦区,121.1111266,31.14230001,121.1176298,31.14827799,121.1065194,31.14418711
北箐园,华科路400号,青浦区,121.1293533,31.15840948,121.1359167,31.16409702,121.1247604,31.16030417
崧泽广场,吉富绅花园1688弄8号楼401室,青浦区,121.131075,31.15513452,121.1376447,31.16080654,121.1264846,31.15703302
虹泾鑫汇园网络安全公园,徐泾镇虹泾鑫汇园,青浦区,121.2385428,31.1765599,121.245065,31.18239789,121.2341202,31.17860628
南箐园,区华青南路100号,青浦区,121.131772,31.14364655,121.1383532,31.14931541,121.1271835,31.14555197
河泾公园,重固镇福定路南段,青浦区,121.1831063,31.20090056,121.1895479,31.20713115,121.1786076,31.20286502
上海市小滨江广场,上海市青浦区白鹤镇白虬江路附近,青浦区,121.1285387,31.27994105,121.1350994,31.28563683,121.1239344,31.28177764
金泽镇健康主题公园,金溪路与金中路交叉口西160米,青浦区,120.9163823,31.03870509,120.9229271,31.04446368,120.9122375,31.04101495
凤溪公园,凤溪镇,青浦区,121.2226239,31.20768579,121.2290962,31.21382473,121.2181876,31.20970561
青浦仁恒生活广场,华青南路177弄,青浦区,121.128172,31.1436567,121.1347444,31.14935986,121.123579,31.14555775
华隆公园,华新镇华隆路与新凤中路交叉路口往东约150米,青浦区,121.225572,31.22201923,121.2320682,31.22810735,121.2211373,31.22403496
重固体育公园,福定路,青浦区,121.1847111,31.20449366,121.1911504,31.21074798,121.1802153,31.20645931
尚茂海棠园公园,徐乐路1976号,青浦区,121.2419158,31.1807634,121.2484541,31.1865467,121.2374938,31.18280885
泗沙林地公园,明珠家园旁,青浦区,121.2507539,31.19779752,121.2573345,31.203475,121.2463308,31.1998356
曲水园,公园路612号(近青安路),青浦区,121.1094668,31.15089032,121.1159537,31.15689777,121.1048582,31.15277204
重固镇农民公园,福泉山路与泉中路交叉口北200米,青浦区,121.179472,31.20395651,121.1859314,31.21013053,121.1749658,31.20591276
吴淞滨江公园,白虬江路与漕青路交叉口东380米,青浦区,121.1322721,31.27888256,121.1388422,31.28454433,121.1276726,31.28072416
小蒸公园,三官桥路与贞溪北路交叉口东40米,青浦区,121.0742862,30.98901719,121.0807167,30.99536923,121.0697092,30.99100066
重固文心公园,福泉山东路与联茂路交叉口,青浦区,121.1876239,31.20146623,121.1940508,31.20775648,121.1831341,31.20343861
静安公园-静安寺广场,南京西路1661号(静安寺地铁站15号口步行210米),静安区,121.4413168,31.22433784,121.4477419,31.23070606,121.4367065,31.22620954
静安公园,华山路189号(静安寺地铁站2号口步行110米),静安区,121.442286,31.22389389,121.4487114,31.23026034,121.4376778,31.22576747
中兴公园,中华新路396号(中兴路地铁站1号口步行290米),静安区,121.4653887,31.25663318,121.4718697,31.26272118,121.4608373,31.2585418
大宁公园,广中西路288号(近共和新路),静安区,121.438486,31.27762799,121.444877,31.28398718,121.4338655,31.27947144
彭浦四季公园.秋园,长临路396号,静安区,121.4303907,31.31954134,121.4368079,31.32586037,121.4257528,31.32135675
岭南公园-圆舞小广场,岭南公园(汾西路北),静安区,121.4520264,31.31566922,121.4584461,31.32196257,121.4474327,31.31752273
东茭泾公园,彭浦新村街道临汾路1633号,静安区,121.4314343,31.31120402,121.437841,31.31753007,121.4267987,31.3130239
辅德里公园,老成都北路7弄之20-44号,静安区,121.4620951,31.2267172,121.4685765,31.23286866,121.4575365,31.22863116
岭南公园-中轴广场,汾西路600号,静安区,121.4517747,31.3160885,121.4581941,31.32238476,121.4471803,31.31794132
大宁郁金香公园拳操广场,宜川路大宁郁金香公园,静安区,121.4340131,31.27582021,121.4404096,31.28216308,121.4293847,31.27765771
三泉公园,保德路1200号(共和新路口),静安区,121.4424463,31.31733953,121.4488504,31.32370018,121.4378303,31.31917389
静安区双拥公园,国庆路与晋元路交叉口西南120米,静安区,121.4646557,31.24183586,121.4711456,31.24794056,121.4601033,31.24374921
大宁四方公园,彭江路与广延路交口,静安区,121.4509148,31.28912215,121.4573165,31.29542362,121.4463206,31.29098369
永和公园,原平路702号,静安区,121.4278779,31.29216048,121.4342831,31.29844886,121.4232388,31.29398347
不夜城公园,华盛路213号(汉中路地铁站2号口步行350米),静安区,121.4564768,31.24653322,121.4629284,31.25277343,121.4519007,31.24842496
静安中环公园,共和新路3050号(汶水路地铁站4号口旁),静安区,121.4453972,31.29474314,121.4517883,31.30108819,121.4407895,31.29659157
彭浦公园,场中路2150号(近共和新路),静安区,121.442794,31.30645136,121.4491885,31.31280854,121.4381797,31.30829047
西康公园,西康路255-1号,静安区,121.4452403,31.23201893,121.4516694,31.23837459,121.4406377,31.23389406
交通公园,新马路262号,静安区,121.4628876,31.24939287,121.4693637,31.25552808,121.4583293,31.25129845
闸北公园,共和新路1555号(近洛川东路),静安区,121.4554045,31.27244137,121.4618278,31.27869048,121.4508233,31.27431944
口袋公园,陕西北路北京西路口,静安区,121.4481936,31.23180517,121.4546277,31.23814145,121.4435978,31.23368605
彭浦四季公园,临汾路1568号,静安区,121.4311173,31.31593175,121.4375292,31.32225629,121.4264808,31.31774943
静安雕塑公园,石门二路128号(近北京西路)(自然博物馆地铁站1号口旁),静安区,121.4593169,31.23673359,121.4657854,31.24293162,121.4547495,31.23863629
大宁公园罗马广场,广中西路288号,静安区,121.4360311,31.2758395,121.442425,31.28219229,121.4314062,31.27767991
人民公园,南京西路231号,黄浦区,121.4685899,31.23407487,121.4751019,31.24010662,121.4640502,31.23600181
广场公园(音乐广场地块),延安东路523号,黄浦区,121.4733018,31.22896021,121.4798373,31.23490249,121.4687776,31.23090206
上海人民广场,人民大道185号,黄浦区,121.4706459,31.23076301,121.4771684,31.23675566,121.466113,31.23269689
广场公园-长桥碧水,延安东路延中广场公园(东北角),黄浦区,121.4682975,31.22725025,121.4748083,31.23328762,121.4637575,31.22917958
广场公园(音乐广场地块)-停车场,金陵中路凯迪拉克上海音乐厅(大世界地铁站3号口步行140米),黄浦区,121.4738176,31.22852685,121.4803555,31.23445946,121.4692951,31.2304703
广场公园,金陵中路与黄陂南路交叉口,黄浦区,121.4671951,31.22643167,121.4737004,31.23248989,121.4626518,31.22835853
淮海公园,太仓路56号,黄浦区,121.4730543,31.22501036,121.4795879,31.23095714,121.4685296,31.22695337
广场公园黄浦段,延安东路与延安东路立交桥交叉口北100米,黄浦区,121.4634142,31.22653368,121.4699016,31.23266176,121.4588595,31.22845096
太平桥公园,自忠路170号(一大会址·新天地地铁站1号口步行490米),黄浦区,121.4723744,31.22162706,121.4789036,31.22758638,121.4678478,31.22356982
蓬莱公园,南车站路350号,黄浦区,121.4870412,31.20810387,121.4936221,31.21382218,121.4825654,31.21009458
活水公园,南车站路564号,黄浦区,121.489687,31.20438955,121.4962717,31.21007807,121.4852209,31.20638986
九子公园,成都北路1018号,黄浦区,121.4594889,31.24243142,121.4659553,31.24862595,121.4549215,31.24433194
商船会馆公园,会馆街38号,黄浦区,121.4999871,31.21498229,121.5065944,31.22062131,121.4955571,31.21700834
丽园公园,丽园路565号,黄浦区,121.4743219,31.20928939,121.480852,31.21520995,121.4698027,31.21124331
延中广场公园春之园,巨鹿路与瑞金一路交叉口东北角,黄浦区,121.4605837,31.22514311,121.4670581,31.23132039,121.4560209,31.22705416
延中公园,巨鹿路成都南路口,黄浦区,121.4625076,31.22437136,121.4689903,31.23051544,121.4579504,31.22628742
复兴公园,复兴中路516号,黄浦区,121.4645784,31.21891629,121.4710684,31.22502251,121.4600278,31.22084004
药草园,延中广场公园春之园内(东侧),黄浦区,121.4626359,31.22524627,121.4691194,31.23138814,121.458079,31.22716224
