adname,adress,divisions,lng,lat
阿王葡萄主题公园,塔新路与立业路交叉口西北280米,嘉定区,121.2845047,31.3991009
博爱广场,南翔镇栖林路金地格林世界白金果岭,嘉定区,121.3111854,31.30838334
菊园新区市民文化广场,平城路菊园新区党建广场(东北角),嘉定区,121.2464368,31.4005495
菊园新区党建广场,平城路789号,嘉定区,121.2462489,31.40046253
上海优秀城市文化广场,棋盘路与仓桥村路交叉口北80米,嘉定区,121.2466958,31.39992266
双桥公园,华江公路337-2临附近,嘉定区,121.3319761,31.25280083
极限松鼠运动公园,环城路762弄5号楼信业未来中心,嘉定区,121.2446273,31.39764434
毛桥党建公园,霜竹公路与霜竹公路1235弄交叉口西360米,嘉定区,121.2494626,31.47674949
旭辉广场,白银路928弄(白银路地铁站1号口步行390米),嘉定区,121.2415324,31.34987896
桃溪苑休闲绿地公园,坝桥路与南新路交叉口北120米,嘉定区,121.2154555,31.43625111
旺和苑公园,旺泾村,嘉定区,121.1665689,31.40141272
马陆法治主题公园,北陈路与思义路交叉口东120米,嘉定区,121.3181331,31.33887897
上海大学嘉定校区文荟广场,城中路20号上海大学嘉定校区,嘉定区,121.2445199,31.37924674
楼组党建党员服务广场,新成路,嘉定区,121.2645462,31.3835144
腊梅广场,百安公路与恒盛路交叉口西北120米,嘉定区,121.1639418,31.36417396
瞿门路广场,瞿门路339号附近,嘉定区,121.1589445,31.36556119
江桥镇社区文化活动中心广场,华江路129弄,嘉定区,121.3370057,31.25529932
南翔老街-广场,南翔镇解放街206号南翔老街内,嘉定区,121.3049285,31.29269094
伏虎村四组广场,伏虎弄路高庙路伏虎村四组,嘉定区,121.2555887,31.44518823
法治文化主题公园,外冈镇巨门村墨玉北路2700号外冈蜡梅园,嘉定区,121.1450988,31.354825
嘉北国际垂钓文化小镇沸舍广场,沪宜公路5051号嘉北郊野公园内(东侧),嘉定区,121.200156,31.36158348
鑫荟广场,于田南路69弄,嘉定区,121.1766817,31.28261889
嘉定健康主题公园,栖林路与瑞林路交叉口北60米,嘉定区,121.3175777,31.30097018
徐行镇学雷锋志愿服务广场,新建一路与启源路交叉口西80米,嘉定区,121.2769137,31.41842315
海波公园,海波路,嘉定区,121.3373738,31.2678132
上海汽车博览公园,安亭镇博园路7575号,嘉定区,121.1692137,31.28044584
华亭哈密瓜主题公园,武双路889号,嘉定区,121.3017824,31.487107
黄渡公园,新黄路40号,嘉定区,121.2120176,31.27040661
嘉定区徐行镇法治主题公园,徐行镇曹王别墅小区,嘉定区,121.2991176,31.43226985
嘉北郊野公园北部(龙方园),大碾路与沪宜公路交叉口西北420米,嘉定区,121.1851475,31.37448786
菁英湖风情公园,浩翔路芳林路(华润中央公园社区),嘉定区,121.3080967,31.31465863
兰郡生活广场,外冈镇百安公路2999弄469号,嘉定区,121.1694658,31.35588806
花海广场,沈海高速,嘉定区,121.2068551,31.37316715
嘉定志愿者广场,平城路菊园新区党建广场,嘉定区,121.2460369,31.40063249
绥德公园,绥德路与桃浦路交叉口北380米,嘉定区,121.3522221,31.27082616
陇南公园,陇南路匡巷路路口西北侧,嘉定区,121.3177376,31.27475757
环城河市民休闲公园-紫云廊公园,环城路601号,嘉定区,121.2450734,31.39580686
盘陀子公园,环城路北(横沥河旁),嘉定区,121.2435935,31.39563287
新宝社区休闲广场,汇善路嘉定工业区新宝社区-南区,嘉定区,121.1919335,31.40429274
生态公园,大冶路与浏翔路路口,嘉定区,121.2992807,31.38068961
国际五金城生活休闲广场,泰云路295弄10号321号,嘉定区,121.2293858,31.31310578
迎园广场,嘉定迎宾路与迎园中路交叉口东北60米,嘉定区,121.2598049,31.38665447
南翔镇文体中心广场,南翔镇古猗园路737号,嘉定区,121.3056263,31.30033965
江桥镇丽江公园(建设中),海波路与临洮路交叉口,嘉定区,121.330431,31.27014023
嘉洲公园,江桥镇陇南路东边巷,嘉定区,121.3366679,31.27285136
嘉定区平安主题公园,环城路环城河市民休闲公园盘陀子公园,嘉定区,121.2436215,31.39554389
市民广场,菊园新区胜竹路2100弄6号,嘉定区,121.2459625,31.4052982
学习强国主题公园,嘉定环城路,嘉定区,121.2454034,31.39594382
外冈郊野公园,恒飞路与墨玉北路交叉口西南40米,嘉定区,121.1430458,31.35923112
安新村俞湾文化广场,大安路与俞湾路交叉口南180米,嘉定区,121.2892114,31.44701718
悠活城生活广场,柳梁路155号(嘉定西地铁站5号口旁),嘉定区,121.2240105,31.3792064
栅桥公园,曹安公路新郁路755号,嘉定区,121.3538356,31.25408788
市民广场,嘉行公路3188号,嘉定区,121.2368399,31.46524574
金鹤公园,金沙江西路2048号旁,嘉定区,121.3090886,31.24383031
学习强国主题公园,真新街道栅桥公园(东南角),嘉定区,121.3541989,31.25387041
南苑公园(建设中),群裕路48号,嘉定区,121.247394,31.37252773
海裕广场,福海路(近嘉定汽车站)(南苑公园南园),嘉定区,121.247956,31.37157598
汇源广场,汇源路200号,嘉定区,121.2028925,31.41807096
安亭新镇奥林匹克体育公园,G2京沪高速出口与安礼路交叉口东南140米,嘉定区,121.1611128,31.27385939
南翔水生态公园,南翔镇顺丰路168号,嘉定区,121.3298151,31.33221197
博乐广场,博乐路清河路2号(欧尚对面),嘉定区,121.2476958,31.38605958
嘉定镇街道双拥广场,清河路25号,嘉定区,121.2450032,31.38666652
登龙广场,清河路嘉定镇街道双拥广场,嘉定区,121.2451102,31.38669251
文化广场,嘉戬支路297附近,嘉定区,121.2938579,31.3760949
金沙公园,丰庄路69号(近清峪路),嘉定区,121.3548136,31.24485348
水景广场,方泰镇(上海赛车场地铁站5号口旁),嘉定区,121.2216274,31.33385148
腊梅主题公园,外冈镇恒谐路999号,嘉定区,121.1743615,31.33581813
留云公园,南翔镇浩翔路与芳林路交叉口西20米(华润中央公园社区西侧20米),嘉定区,121.3044605,31.31599568
环城河市民休闲公园-五一广场,嘉行公路与金沙路交叉口西南100米,嘉定区,121.2485668,31.39508585
嘉定新城滑板公园,希望路与温泉路交叉口西北180米,嘉定区,121.2406577,31.33434024
北管村休闲公园,北陈路与思义路交叉口东120米,嘉定区,121.3180433,31.33878217
石冈门塘休闲公园,马陆镇,嘉定区,121.2621036,31.34615508
昌辉广场,槎溪路与银翔路交叉口南40米,嘉定区,121.3165658,31.29104007
嘉天下休闲广场,南翔镇沪宜公路139弄3号(上海市嘉定震川培训中心),嘉定区,121.3131055,31.292561
山林绿洲口袋公园,叶城路与沪宜公路交叉口东北40米,嘉定区,121.2547965,31.37033875
五月花公园,保利五月花西区正门旁,嘉定区,121.253255,31.40839613
马陆镇双拥运动公园,马陆镇,嘉定区,121.2621156,31.34625404
上海市民体育公园,安亭镇安辰路,嘉定区,121.2328381,31.32971742
仓场健身公园,申裕路与申裕路399弄交叉口东北200米,嘉定区,121.279265,31.36295955
北水湾体育公园,树屏路,嘉定区,121.2381594,31.40454349
马陆公园,马陆镇育英街455号,嘉定区,121.2741512,31.32829924
远香湖党建主题公园,天祝路与裕民南路路口东侧,嘉定区,121.2608382,31.35105818
双拥主题公园,仓场路与茹水路交叉口东40米,嘉定区,121.2708174,31.38547161
复华公园,茹水路与仓场路交叉口南100米,嘉定区,121.2701832,31.38472142
新成公园,塔城东路335号(近和政路),嘉定区,121.2643339,31.38956976
娄塘公园,嘉唐公路与娄朱公路交汇处南100米,嘉定区,121.2098846,31.42692897
黄渡文化广场,文化街79弄7号,嘉定区,121.2131173,31.26598777
北郊公园-外冈法治文化公园,恒荣路北郊公园(东南角),嘉定区,121.1708027,31.35382426
远香湖,白银路,嘉定区,121.2637697,31.35170009
菊园新区垃圾分类主题公园,盘安路红石路交叉口西北角,嘉定区,121.2239402,31.38251834
古树公园,安亭镇光明村泰海路230号,嘉定区,121.2405521,31.31752439
口袋公园,曹安公路与星华公路交汇处东北角,嘉定区,121.272534,31.27234897
高昌路居民健身公园,高昌路121号附近,嘉定区,121.2374307,31.37553475
陈家山荷花公园,平城路860号,嘉定区,121.2408581,31.40013129
栖霞苑口袋公园,人民街西水关南侧,嘉定区,121.2374593,31.38034929
北郊公园,百安公路2699号,嘉定区,121.1705772,31.35418872
紫气东来公园,天祝路(近胜辛路),嘉定区,121.2462555,31.34625243
百亩公园,南翔镇卢尔公寓,嘉定区,121.3165988,31.30182371
滨江爱特公园,江桥艾法薇尔幼儿园西南(石粉厂路),嘉定区,121.3104287,31.23220515
西上海广场,合作路1018号,嘉定区,121.2479503,31.34508371
嘉北郊野公园,沪宜公路5051号,嘉定区,121.192345,31.35935597
南水关公园,博乐路70号,嘉定区,121.2512904,31.37844728
新城拓展公园,裕民南路石冈门塘休闲公园,嘉定区,121.2628439,31.34721524
同济大学嘉定校区满天星广场,曹安公路4800号同济大学嘉定校区,嘉定区,121.213686,31.28930965
新世纪广场,新世界休闲生活广场,嘉定区,121.3357298,31.26381097
南城墙公园,南大街6号附近,嘉定区,121.249655,31.37768384
儿童公园,梅园路226号(近嘉定体育馆),嘉定区,121.2368367,31.38506868
汇龙潭公园,塔城路299号,嘉定区,121.2494456,31.38307624
绿地滨河公园(建设中),鹤望路与金运路交叉口西180米,嘉定区,121.3140514,31.24606706
陈家山公园,胜竹路柳湖路,嘉定区,121.240623,31.40084505
儿童公园-梅园广场,嘉定镇梅园路71号,嘉定区,121.2376869,31.38535785
洛克公园(吉嘉商业广场店),崇教路19号吉嘉商业广场F1层(马陆地铁站出入口步行80米),嘉定区,121.2721153,31.32226352
安亭市民广场,墨玉路328号,嘉定区,121.1598949,31.30181273
杭桂绿地公园,杭桂路945号,嘉定区,121.201176,31.27556915
同济大学嘉定校区嘉园广场,曹安公路4800号同济大学嘉定校区,嘉定区,121.2082375,31.28478399
儿童拓展公园,裕民南路与伊宁路路口,嘉定区,121.2621605,31.34651692
南翔镇银翔湖公园,南翔镇槎溪路,嘉定区,121.3225767,31.28409841
春盛苑小区休闲广场,嘉松北路与罗家路交叉口北140米,嘉定区,121.2037632,31.27285499
嘉定紫藤园,博乐路45号,嘉定区,121.2542778,31.38158846
南门港公园,新排路与川南奉公路交叉口南80米,奉贤区,121.6457408,30.91265481
青春广场,城乡路与振兴路交叉口,奉贤区,121.5761275,30.92636044
青春广场-法治文化广场,南奉公路与城乡路交叉口西80米,奉贤区,121.5758813,30.92631528
西渡公园,西渡街道扶兰路18号对面,奉贤区,121.4355678,30.990903
共青公园,新柘中路与沪杭公路交叉口东北40米,奉贤区,121.4683162,30.83191014
哈士鳍路亚公园,延安中心支路与延安中心路交叉口西北260米,奉贤区,121.4383947,30.88416992
玉兰广场,四团天鹏四区(市场路南),奉贤区,121.7238691,30.94396441
塘外村法治微公园,紫苑路与塘外·人民路交叉口东北20米,奉贤区,121.6168586,30.90444561
青溪法治公园,青村·人民路与青村北路交叉口西南160米,奉贤区,121.5774978,30.92809144
海塘公园,海湾镇,奉贤区,121.4880983,30.83704486
上海九棵树艺术公园,汇丰西路188号,奉贤区,121.4702586,30.94893415
卫季村党建微公园,团结支路与大卫路交叉口西南40米,奉贤区,121.5973481,30.90475156
江海法治广场,南桥江海花园(上海绕城高速公路北),奉贤区,121.458532,30.90473575
火车头广场,海泉路100号,奉贤区,121.5108005,30.84595333
交通法治广场,瞭海路与星中路交叉口西南100米,奉贤区,121.5621152,30.86626647
上海之鱼泡泡公园,秀竹路上海之鱼南侧,奉贤区,121.4970778,30.92876532
南闸公园,海佳路,奉贤区,121.5281261,30.82326098
青年艺术公园,上海之鱼内(东侧),奉贤区,121.5010204,30.93493947
水边广场,南桥镇湖畔路333号奉贤博物馆,奉贤区,121.4980236,30.93594591
上海之鱼-年丰公园,年丰路与湖堤路交叉口东南120米,奉贤区,121.4904224,30.93473285
古华园,解放中路87号,奉贤区,121.4601775,30.91987689
上海奉贤建材市场文化娱乐广场,大叶公路7268号,奉贤区,121.6469498,30.98335478
东南广场,南桥镇解放中路220号古华园(东侧),奉贤区,121.4620191,30.91914797
奉城中心公园,奉城镇奉城老街北侧,奉贤区,121.6500506,30.91826289
新张村党建微公园,南张中心路与奉柘公路交叉口北300米,奉贤区,121.5331755,30.87294923
红叶公园,环城东路2411号,奉贤区,121.4698482,30.9029862
五一公园,百通路与望园南路交叉口东南方向,奉贤区,121.4863273,30.91664536
庄行公园,贤明路与钜庭路交叉口东240米,奉贤区,121.4184883,30.90834571
上海都市菜园-营地公园,海湾镇海兴路888弄1号上海都市菜园,奉贤区,121.5858577,30.86623812
六墩公园,南庄路与六墩中心路交叉口东北120米,奉贤区,121.461738,30.89957779
景观广场,南桥镇解放中路220号古华园(北侧),奉贤区,121.460038,30.92118977
正阳中央公园,南桥镇,奉贤区,121.4732243,30.9142409
星空公园,金钱公路与褚家路交叉口北340米,奉贤区,121.507764,30.92841133
正阳体育公园,南桥镇正环路669弄82号,奉贤区,121.478318,30.90884553
市民公园,百秀路与百齐路交叉口东北50米,奉贤区,121.4821196,30.91568053
青村书法公园,南奉公路与南明路交叉路口西北侧,奉贤区,121.5710513,30.92664576
微光公园,海农公路1588号,奉贤区,121.5616335,30.86370927
海湾镇火车头城市广场,海农公路与民乐路交叉口,奉贤区,121.5609031,30.86414598
达令港公园,汇中路与金闸公路交叉口东南500米,奉贤区,121.5048457,30.98739575
Harbour天台滑板公园,金海公路3399号新世界商业广场c区4-068号,奉贤区,121.4901269,30.91660769
百曲村沿港三组微公园,百曲村沿港334号,奉贤区,121.5282993,30.96088719
奉贤区浦南运河法治公园,奉浦街道运河路沿线南上海运河公园(西南角),奉贤区,121.4666721,30.92444597
牡丹文化休闲广场,庄行镇安中路153号,奉贤区,121.3950781,30.96303487
沙贝微公园,李家路与白沙路交叉口东40米,奉贤区,121.5233286,30.94705931
奉浦四季生态园,奉浦社区韩谊路515号,奉贤区,121.4656217,30.93715367
朱店村党建微公园,沿钱公路4438号西90米,奉贤区,121.5504656,30.92196187
待问公园,西闸公路1846号,奉贤区,121.420518,30.98601767
春来市民微公园,头桥东路与新奉公路交叉口东160米,奉贤区,121.6436714,30.94817131
望春园,菜场路165-167号,奉贤区,121.4509539,30.90395546
美乐尔主题公园,南桥镇沪杭公路228号连城商业广场2号楼三楼,奉贤区,121.4264257,30.99122837
兰博广场,兰博路奉德苑东南侧约80米,奉贤区,121.6363307,30.90688962
文化广场(南桥路),解放西路000号,奉贤区,121.4521732,30.91572126
高桥村法治文化广场,南奉公路444号附近,奉贤区,121.6246077,30.9168879
灵01-灵芝体验基地,灵芝村1002号,奉贤区,121.417455,30.94578063
李窑村广场,兴宝食品店西北边,奉贤区,121.5834586,30.9216657
奉贤区统计法治主题公园,潘垫村修身园,奉贤区,121.3896978,30.87837507
文化广场,海湾路与人民塘路交叉口东南380米,奉贤区,121.5124528,30.82714478
奉城村文化广场,奉粮路与万佛阁交叉口西140米,奉贤区,121.6407925,30.92018969
天鹏文化广场,鹏程东街四团社区文化活动中心,奉贤区,121.7239764,30.93970885
萧塘公园,肖南路与南虹路交叉口西南160米,奉贤区,121.4318271,30.9625299
点睛广场,航南公路湖心岛公园,奉贤区,121.4970282,30.93350937
集合广场,南桥新城航南公路上海之鱼雕塑艺术公园,奉贤区,121.4983421,30.93146951
泡泡广场,秀竹路泡泡公园,奉贤区,121.49968,30.93037816
上海之鱼湖心岛公园,金海公路与航南公路交叉口,奉贤区,121.4963126,30.93395096
星火公园,海湾镇莲塘路明城路,奉贤区,121.5596266,30.85399196
邬桥健身公园,安邬路与北环路交叉口西南120米,奉贤区,121.3919446,30.96441663
洪庙文化广场,川南奉公路与水闸路交叉口东60米,奉贤区,121.677708,30.92777404
平安社区文化广场,平安镇,奉贤区,121.7284484,30.89933742
岳和文体广场,泰青公路与团青公路交叉口南100米,奉贤区,121.5656638,30.93295
志愿者广场,五四公路1130附近,奉贤区,121.7304902,30.86815536
桐叶广场,秀竹路泡泡公园(金海湖地铁站2号口步行490米),奉贤区,121.4912499,30.92868091
五四文化广场,五四公路,奉贤区,121.7301513,30.86823552
浦秀村文化广场,浦灵路与北环路交叉口北80米,奉贤区,121.4058832,30.96955731
休闲广场,海湾旅游区海涵路6号碧海金沙内,奉贤区,121.5494544,30.82237865
南上海运河公园,奉浦街道运河路沿线,奉贤区,121.4674636,30.92485584
奉城镇人口文化公园,兰博路与新奉公路交叉口东80米,奉贤区,121.6335778,30.9069807
朱新村新凨公园,竹馨丁香苑北侧250米,奉贤区,121.6946415,30.88680509
华盛文化广场,新奉公路与头桥东路交叉口东北100米,奉贤区,121.6430374,30.94937367
华东理工大学奉贤校区慢时广场,海思路999号华东理工大学奉贤校区,奉贤区,121.4976289,30.83134261
美谷公园,万顺路2089号,奉贤区,121.510579,30.96249135
华东理工大学奉贤校区亲水广场,海思路999号华东理工大学奉贤校区,奉贤区,121.4976609,30.83225419
明星村六岔道公园,沿钱公路与西星港路交叉口西60米,奉贤区,121.5383868,30.97883707
护民村草地公园,海民南北路与平庄东路交叉口东南40米,奉贤区,121.6286287,30.89320473
冷泾广场,庄行镇冷泾新村,奉贤区,121.3956539,30.90605155
四团幸福公园,四团镇港佳路与港坤路交叉口,奉贤区,121.7334076,30.93673951
庄行镇农艺(郊野)公园,西闸公路,奉贤区,121.4080852,30.98239261
柘林公园,新北路与新粮路交叉口东340米,奉贤区,121.4633495,30.86852004
人和广场,金海公路与泽丰路交叉口东260米,奉贤区,121.4902118,30.93276938
泰日小匝港公园,泰日新建路,奉贤区,121.5562502,30.98416109
贤浦公园,贤浦路2554号,奉贤区,121.5047627,30.95954901
元音公园,大叶公路与金建路交叉口西南100米,奉贤区,121.5051776,30.97803528
洪庙小公园,奉城镇洪运路58号,奉贤区,121.6828532,30.93039294
运石河公园,柘林镇海湾路与奉柘公路交叉口,奉贤区,121.4972204,30.84377732
贝港河公园,前胜路,奉贤区,121.4633289,30.86315309
古海塘文化公园,胡桥路与新柘东路交叉口东南100米,奉贤区,121.4748918,30.83277383
水帘洞广场公园,沪杭公路水帘洞新村(西渡地铁站4号口步行470米),奉贤区,121.426231,30.99585039
三桑公园,陈谊支路,奉贤区,121.4649574,30.963998
西渡小公园,沿江路与沪杭公路辅路交叉口北60米,奉贤区,121.4252684,30.99751221
西渡江边公园,闵浦二桥,奉贤区,121.4245734,30.99745241
和合社区公园,解放东路与德政路交叉口东北角,奉贤区,121.4815701,30.92260684
玉兰广场,湖堤路与秀竹路交叉口北240米,奉贤区,121.4911563,30.93116916
新开河公园,正博路1882号,奉贤区,121.7432666,30.87711275
蓝湾公园,雪柳路与云樱路交叉口西南60米,奉贤区,121.740777,30.87914794
临港南桥智行广场,金海公路6055号,奉贤区,121.4783765,30.95259381
墩头公园,华星路与大叶公路辅路交叉口西北120米,奉贤区,121.6310676,30.98886577
南行港公园,金钱公路与南行港路交叉口西北角,奉贤区,121.4974968,30.96959237
碧海金沙索道滑水公园,海涵路碧海金沙,奉贤区,121.547155,30.82058919
五象广场,奉浦社区环城东路999号五象城,奉贤区,121.4617949,30.92605932
聚贤广场,秀竹路泡泡公园,奉贤区,121.5024089,30.9287173
德园社区公园,德丰路望园南路东北角,奉贤区,121.4805832,30.92832358
二桥村党建微公园,服民路,奉贤区,121.648484,30.96058259
智力公园,呼兰西路1号-3号(呼兰路地铁站4号口步行350米),宝山区,121.4291006,31.34215734
罗泾公园(南区),罗泾镇潘沪路298号(近罗宁路)罗泾公园,宝山区,121.3242826,31.48242397
鸽子广场,顾村镇沪太路4788号顾村公园3号门内,宝山区,121.3552848,31.33635377
月浦公园,月浦镇龙镇路6号,宝山区,121.4240541,31.41828278
罗泾公园(北区),罗泾镇潘沪路298号(近罗宁路),宝山区,121.323175,31.48399882
宝山滨江公园,临江公园对面,宝山区,121.4920136,31.41269686
罗泾公园广场,潘沪路298号,宝山区,121.3244032,31.48390748
友谊公园,密山路98号(近宝林路),宝山区,121.4751151,31.40206925
共和公园,场北路408号,宝山区,121.4259673,31.33407005
花神广场,市一路与镇东路交叉口东南100米,宝山区,121.3422674,31.41633877
上海吴淞炮台湾国家湿地公园,塘后路206号,宝山区,121.5046543,31.39863848
南大公园,丰收东路388弄,宝山区,121.3664152,31.30802095
祁连公园,塘祁路1356号,宝山区,121.3736041,31.32923113
丰翔智秀公园,工业路与山连路交叉口东北100米,宝山区,121.354852,31.30788999
新境地公园,高境路与殷高西路交叉口北120米,宝山区,121.4711947,31.32403755
格力特体育公园,长江西路与通南路167弄交叉口西300米,宝山区,121.4641262,31.34438032
罗泾镇健康主题公园,罗泾镇潘沪路298号(近罗宁路)罗泾公园(北区)内(东侧),宝山区,121.3237796,31.48416263
阳泉公园,阳泉路1401号,宝山区,121.4601836,31.32859986
主题广场,罗泾镇潘沪路与罗宁路交叉口罗泾公园北园,宝山区,121.3233376,31.48441943
大华行知公园,真华路1105号,宝山区,121.4054761,31.27964865
诺贝尔科技公园,罗迎路299号,宝山区,121.354151,31.40336334
白沙公园,杨行镇白沙园路601号,宝山区,121.4325598,31.39770787
庙行公园,刘场路庙行公园(近庙行卫生医疗中心),宝山区,121.4245488,31.32721878
泗塘公园,张庙街道爱辉路70号,宝山区,121.4456088,31.34000756
华灵公园,华灵路698号(大华三路地铁站1号口步行350米),宝山区,121.4181158,31.27996847
月园口袋公园,月浦镇庆安四村,宝山区,121.4264207,31.40543209
盘古公园,盘古路与铁峰路交叉口西北角,宝山区,121.4477339,31.40007702
樱花广场,顾村镇沪太路4788号顾村公园内森林休闲运动园,宝山区,121.366062,31.3394028
罗新公园,罗溪路709号,宝山区,121.3413923,31.42666872
滨水社区公园,潘泾路与顾北东路交叉口,宝山区,121.3974002,31.36215365
罗溪公园,罗店镇市一路130号,宝山区,121.346636,31.41975527
TOGETHER FUN体育公园,蕰川路与南北高架路入口交叉口东南160米,宝山区,121.4304073,31.34713848
桥空间体育公园,南北高架路与蕰川路交叉口西50米,宝山区,121.4315324,31.34573161
吴淞公园,泰和路5号(近吴淞码头),宝山区,121.4957871,31.37893278
胡庄公园,泰和西路与富长路交叉口西200米,宝山区,121.4145186,31.35462242
上海长滩坡地公园,牡丹江路1893号,宝山区,121.4735626,31.41639503
上海钢雕公园,长江西路101号,宝山区,121.4755442,31.34816015
淞南公园,淞良路300号(近淞发路),宝山区,121.4820591,31.34290573
美兰湖中央公园,美兰湖路与陆翔路交叉口东北角,宝山区,121.3452719,31.39640792
宝山区绿地公园,陆翔路111弄2号楼1619室,宝山区,121.3662269,31.34841048
果园河公园,东至罗和路西至果园河,宝山区,121.3355409,31.38211366
罗泾水源涵养林,罗泾镇川纪路,宝山区,121.3573373,31.48309847
白鹭园,山茶路,宝山区,121.3414575,31.45712965
菊盛公园南区,菊盛公园(东南角),宝山区,121.3664651,31.35388134
菊盛公园北区,菊盛公园,宝山区,121.3651148,31.35649713
泰力宝体育公园,淞宝路155弄,宝山区,121.4958791,31.38247799
泗塘篮球公园,共江路152号(近爱晖路),宝山区,121.453124,31.33242255
韶山路沪联路口袋公园,韶山路沪联路绿地结合,宝山区,121.3611924,31.36215543
菊盛公园,顾村镇菊太路与菊盛路交汇处西50米,宝山区,121.3658339,31.35502773
尊木公园,沪太路2695号尊木汇国际广场内,宝山区,121.4065667,31.31290179
古银杏公园,堡镇四滧村滧镇,崇明区,121.6470757,31.53362744
双拥广场,定澜路崇明新城公园(东南角),崇明区,121.4208571,31.62059567
自行车主题公园,陈家镇(近长江隧桥出口处),崇明区,121.835341,31.48482033
没顶公园,六滧公路西100米,崇明区,121.7741515,31.59426781
振华公园西园,潘圆公路与长征路交叉口东420米,崇明区,121.658526,31.40729388
富民苑竖新镇市民公园,草港公路富民苑,崇明区,121.594149,31.61433107
振华公园东园,潘圆公路3800号附近,崇明区,121.6588424,31.40718831
前卫1966郊野公园,长兴岛秋柑路199号长兴岛郊野公园(西北角),崇明区,121.7019153,31.41218258
崇明新城公园,城桥镇江帆路381弄,崇明区,121.419278,31.62262408
东滩湿地公园,东旺路,崇明区,121.947059,31.51902347
健康主题公园,北陈公路与前裕公路交叉口东北80米,崇明区,121.8267237,31.5251523
潘石公园,潘石北路1号,崇明区,121.6344968,31.42153259
陈家镇自行车公园,中滨路,崇明区,121.8362624,31.48415413
长兴岛湿地公园,金岸路与丰福路交叉口东220米,崇明区,121.7005529,31.38104947
堡镇市民公园,堡镇石岛路280号,崇明区,121.6170395,31.53148684
双津村村民公园,协津公路与陈海公路交叉口东100米,崇明区,121.3861353,31.66987952
凤凰公园,凤环路与长兴江南大道交叉口东北100米,崇明区,121.6913785,31.39136917
新隆村公园,向蟠公路与崇明新草路交叉口东60米,崇明区,121.5277695,31.61914142
东平国家森林公园-知青广场,北沿公路2288号东平国家森林公园(东南角),崇明区,121.4782186,31.68106669
东平市民公园,东平镇东冉路820号,崇明区,121.5351169,31.67869601
博爱公园,渔乐路与凤凰公路交叉口东180米,崇明区,121.6911017,31.39449373
合欢公园,建港公路与港东三路交叉口西北160米,崇明区,121.4113216,31.67689412
前卫生态村-生态岛主题公园,竖新镇前卫村前卫生态村内,崇明区,121.5083677,31.7250945
廉洁文化主题公园,海舸路505号,崇明区,121.6982206,31.39032129
胜林公园,区X522(建设公路),崇明区,121.4530019,31.67430631
西沙明珠湖景区-明珠湖公园,三华公路333号,崇明区,121.2481186,31.73792135
渔港公园,长兴岛内(南侧),崇明区,121.7836462,31.35313119
健康科普公园,凤舞路与长橘路交叉口北80米,崇明区,121.6967064,31.39675983
鲁玙市民公园,合五公路3147号,崇明区,121.6905276,31.57156835
崇明C湖公园,崇州路与翠竹路交口,崇明区,121.4165544,31.6296566
黄杨公园,合五公路与草港公路交叉口西南100米,崇明区,121.6954375,31.57154416
三治融合主题广场,521乡道南侧,平湖市,121.1603918,30.77460714
成美公园,廊下新风路与廊华路交叉口东南320米,平湖市,121.186413,30.78242199
309口袋公园,永嘉路,徐汇区,121.4539046,31.21109165
桂江公园,韵达快运(宜山路服务站),徐汇区,121.3998399,31.16174995
有氧公园,零陵路与火炬台路交叉口东80米,徐汇区,121.4361902,31.18515575
吴兴公园,衡山路吴兴路路口(衡山路地铁站1号口步行250米),徐汇区,121.4399144,31.20421786
漕河泾开发区公园,桂果路601号(近宜山路),徐汇区,121.395684,31.17116108
口袋公园,漕东支路至龙田路,徐汇区,121.4369666,31.17652742
百花街口袋公园,百花街与江安路交叉口南200米,徐汇区,121.4104653,31.14867931
天钥桥路口袋公园,汇联商厦南侧,徐汇区,121.4368678,31.19428235
徐家汇公园,肇嘉浜路986号(徐家汇地铁站14号口步行250米),徐汇区,121.4378554,31.19928759
梦公园,桂林路907号(吴中路地铁站2号口步行70米),徐汇区,121.4133725,31.18450367
老鹰公园,田林街道田林三中对面(近田林东路),徐汇区,121.4258068,31.17556734
黄道婆纪念公园,徐梅路700号,徐汇区,121.4441778,31.12648212
上海市滨江滑板公园,瑞宁路,徐汇区,121.463243,31.18792392
西岸自然艺术公园,华泾路190号,徐汇区,121.4479664,31.12367043
桂林公园,漕宝路188号(桂林公园地铁站5号口步行100米),徐汇区,121.4132899,31.16719243
嘉川路小游园,凌云路283号,徐汇区,121.4139621,31.13636613
徐家汇公园法治文化广场,徐家汇公园东北角,徐汇区,121.4384515,31.20115372
东安公园,中山南二路811号(龙华中路地铁站10号口步行220米),徐汇区,121.4497776,31.18712312
光启公园,南丹路17号(徐家汇地铁站1号口步行230米),徐汇区,121.4300102,31.19144798
康健社区体育公园,康健新村街道桂林西街168号康健社区体育场内(近浦北路),徐汇区,121.4131929,31.15450096
花桥青年城市公园,Y466(绿地大道),昆山市,121.1360155,31.28344412
沪太公园,新村路37号(近沪太路),普陀区,121.434739,31.26991688
万里公园,富平路715号附近,普陀区,121.4032064,31.26681041
真如公园,大渡河路1894号(近铜川路),普陀区,121.3946628,31.25485915
槎浦公园,金迈路303号,普陀区,121.3260174,31.28987145
半马苏河公园二期,光复西路与真光路辅路交叉口西140米,普陀区,121.3624861,31.22733249
建民绿地公园,交通路79号靠近中潭路地铁站,普陀区,121.4333294,31.25769991
建民绿地公园-入口广场,交通路与宜川路交叉口西240米,普陀区,121.4337933,31.25728082
半马苏河公园,云岭西路和云岭东路交接处,普陀区,121.3732286,31.22518997
苏州河梦清园环保主题公园,宜昌路88号,普陀区,121.4358347,31.25251325
长寿健康主题公园,长寿路260号(长寿路地铁站3号口步行290米),普陀区,121.4348835,31.24527791
枣阳公园,枣阳路226号,普陀区,121.3991992,31.23679711
普陀区体育公园,桃浦镇,普陀区,121.3382313,31.28656077
桃浦中央绿地,常和路288-3号楼附近,普陀区,121.3678803,31.28383187
祥和公园,真光路1121甲,普陀区,121.3750979,31.2440755
桃溪公园,兰溪路近铜川路,普陀区,121.3965647,31.25352057
海棠公园,武宁路2650号,普陀区,121.3855367,31.24927562
桃浦公园,桃浦西路1018号(古浪路地铁站4号口步行210米),普陀区,121.3874007,31.28248644
梅川公园,武宁路2361号(梅岭北路地铁站5号口步行480米),普陀区,121.3882264,31.24706137
兰溪青年公园,兰溪路152号(近桂巷路),普陀区,121.4001588,31.2427095
春光公园,武威路1005号,普陀区,121.3528105,31.27670474
清涧公园,金鼎路650号(近万镇路),普陀区,121.3773422,31.2603733
真光公园,真光路1865号(近铜川路),普陀区,121.3803868,31.25591687
百禧公园,曹杨路,普陀区,121.4071134,31.23987961
管弄公园,管弄路29号(近华池路),普陀区,121.4228824,31.25951704
建德花园小公园,香樟路与泾阳路交叉口西北100米,普陀区,121.3535974,31.23836431
普陀公园,光复西路255号(镇坪路地铁站2号口步行310米),普陀区,121.4229947,31.2465509
李子园公园,真南路822弄与武威东路交汇处,普陀区,121.3788063,31.27735585
长风公园,大渡河路189号,普陀区,121.3961531,31.22644491
甘泉公园,西乡路100号,普陀区,121.4235324,31.26911663
半马苏河公园,光复西路6号,普陀区,121.3906147,31.22152427
曹杨公园,枫桥路50号(近梅岭北路),普陀区,121.404249,31.2418577
未来岛公园,桃浦镇绥德路378号,普陀区,121.3702605,31.267612
槎浦公园(西区),金迈路303号槎浦公园,普陀区,121.3258058,31.29066353
启动林公园,绿杨路与雪松路交叉口东380米,普陀区,121.3524264,31.28598551
中心区广场,武威路88弄,普陀区,121.3718075,31.2800771
杨树浦电厂遗迹公园,上海国际时尚中心西南,杨浦区,121.5521528,31.26874474
民星公园,殷行街道嫩江路1111号(近中原路),杨浦区,121.5307102,31.31611711
黄兴全民体育公园-仲益体育公园,五角场街道双阳北路363号黄兴全民体育公园(东北角),杨浦区,121.5244528,31.29978924
黄兴全民体育公园,五角场街道双阳北路363号(黄兴公园地铁站2号口步行430米),杨浦区,121.5236061,31.29894831
四平科技公园-膜结构广场,四平路1777号(近中山北二路),杨浦区,121.5013247,31.28947928
平凉公园,平凉路1738号(近临青路),杨浦区,121.5383045,31.26882338
江浦公园,长阳路1111号(江浦路口),杨浦区,121.5197379,31.26806752
内江公园,控江路261号,杨浦区,121.5406534,31.28895325
延春公园,营口路20号(近靖宇东路),杨浦区,121.5315319,31.29036424
黄兴公园-中心广场,营口路699号黄兴公园,杨浦区,121.5252929,31.29531525
黄兴公园,营口路699号(黄兴公园地铁站2号口步行150米),杨浦区,121.525631,31.29535612
复兴岛公园,共青路386号,杨浦区,121.5581068,31.28858142
杨浦公园,双阳路369号,杨浦区,121.5319408,31.28247449
大桥公园,杨树浦路宁国南路交叉口,杨浦区,121.5373938,31.2588346
松鹤公园,抚顺路240号(近江浦路),杨浦区,121.5097834,31.28223924
波阳公园,波阳路200号(近贵阳路),杨浦区,121.5472958,31.2743502
珠江生活广场,平凉路1889号,杨浦区,121.5398506,31.27143675
惠民公园,惠民路724号(近通北路)(平凉路地铁站5号口步行380米),杨浦区,121.5181652,31.26042045
smpskatepark滑板公园,新江湾城街道淞沪路2100号smpskatepark滑板公园,杨浦区,121.5069948,31.33827056
新江湾城公园,政和路与国秀路进出口西北角,杨浦区,121.5094276,31.33578957
工农公园,包头路929号(近殷行路),杨浦区,121.5334144,31.32784343
口袋公园,江浦路与龙江路交叉口(丹阳路地铁站4号口步行250米),杨浦区,121.5248445,31.2584785
机器人公园,江浦路1536号(江浦路地铁站3号口步行230米),杨浦区,121.5134375,31.27902914
四平科技公园-中心广场,内环高架路四平科技公园(国权路地铁站3号口步行380米),杨浦区,121.5028602,31.28914399
宝联公园,九潭路与眉州路交叉口东北120米,杨浦区,121.5253881,31.27319061
四平科技公园,四平路1777号,杨浦区,121.5018044,31.28965863
德惠路口袋公园,东至德惠路、南至顺平路,杨浦区,121.5333564,31.27815576
泗滨绿地,泗凤公路与城松路交叉口西南80米,松江区,121.2420396,31.11236862
健康主题公园,车墩人口文化广场内(北侧),松江区,121.3107604,31.01665441
车墩人口文化广场,北松公路与李高路交叉路口西北侧,松江区,121.3105778,31.01620201
昆西社区公园,昆水街与平原街交叉口东南20米,松江区,121.1298837,31.03464904
小昆山园,山西路4号,松江区,121.1294997,31.04029425
沪松公路鼓浪路街心公园,沪松公路与鼓浪路交叉口南40米,松江区,121.279836,31.11906414
水榭亭健康公园,车亭公路1487号,松江区,121.3171232,30.94568944
小昆山健康公园,清河街与昆港公路交叉口西南40米,松江区,121.133724,31.03756971
星体运动公园,玉树路2575-2583号飞航广场4层,松江区,121.2041108,31.01160424
上海影视乐园-和平广场,车墩镇北松公路4915号上海影视乐园内,松江区,121.308838,31.01209364
永丰城市公园,荣乐西路与仓轩路交叉口东北140米,松江区,121.1853571,31.01919795
茭菱公园,茭菱路,松江区,121.2437756,31.04094928
松江中央公园,园中路(松江区政府北侧),松江区,121.2220778,31.03753934
醉白池公园,人民南路64号(醉白池地铁站3号口步行80米),松江区,121.2265981,31.00383156
思贤公园,思贤路与人民北路交叉口东北,松江区,121.2190114,31.03239258
陈坊公园,佘山镇陈坊菜场南侧,松江区,121.180114,31.10030405
辰山户外公园,辰花路508号辰山山庄(辰山植物园对面),松江区,121.1750728,31.06726242
方松体育公园,方松街道新松江路290号,松江区,121.2275424,31.04354396
五龙湖公园,茸兴路与广富林路交叉口西南140米,松江区,121.2443702,31.05672318
米市渡松南郊野公园,车墩镇松金公路9535号,松江区,121.2460631,30.97262351
九千泾公园,业煌路1726号,松江区,121.1990556,31.13379161
石湖荡镇控烟主题公园,东栅路162号附近,松江区,121.1136107,30.98786878
洞泾镇健康主题广场,洞泾长兴路与洞泾同乐路交叉路口往东北约100米,松江区,121.2665877,31.0842659
其昌公园,其昌公园(嘉松南路东),松江区,121.2279891,31.026795
小昆山健康主题公园,玉昆路与翔昆路交叉口东南40米,松江区,121.1150608,31.03522017
佘山度假区自然公园,佘天昆公路佘山国家旅游度假区(西北角),松江区,121.1936761,31.0924659
新桥绿地,新育路,松江区,121.3178909,31.06931942
松江区塔汇健康主题公园,育新路699号正西方向70米,松江区,121.1754789,30.96969526
华阳绿地公园,北松公路与松卫北路交叉口东北角,松江区,121.2620385,31.0053848
仓城口袋公园,玉树路与松江中山西路交叉口东北20米,松江区,121.2048281,31.00841611
街心公园,松汇西路1179号仓城六村旁,松江区,121.2115214,31.00531148
上海影视乐园-外滩公园,车墩镇北松公路4915号上海影视乐园内(东南角),松江区,121.308865,31.01152092
帐篷搭建点郊野公园,车墩镇松金公路9535号米市渡松南郊野公园内(南侧),松江区,121.2489123,30.96316887
假日广场,三新北路900弄泰晤士小镇内,松江区,121.1909461,31.03495233
江秋休闲广场,佘山桃源路与千新公路交叉口西440米,松江区,121.1640586,31.10003625
表演广场,佘北路158号上海月湖雕塑公园内,松江区,121.2009401,31.10484722
北斗广场,外青松公路9279号佘山国家森林公园内,松江区,121.1891055,31.09643108
泖港镇健康主题公园,新宾路附近,松江区,121.2097211,30.93411247
全民健康主题公园,新浜镇新绿街,松江区,121.0674812,30.93282547
全民健康主题公园-法治文化公园,新颖路与新绿街交叉口南100米,松江区,121.0664548,30.93272875
玲珑宠物公园,竹亭南路与天窗路交叉口北220米,松江区,121.2710123,30.92448266
健康主题公园,淀浦河路与虬泾路交叉口西280米,松江区,121.3271306,31.1302258
珑缘广场,亭知路与沪亭北路交叉口东北20米,松江区,121.3106511,31.15169269
九亭文化广场-双拥广场,九亭镇,松江区,121.3258145,31.13172051
泗泾健康主题广场,泗泾镇鼓浪路588号正南方向114米,松江区,121.2671462,31.11882223
人鱼广场,佘山林湖路888号欢乐谷欢乐海洋内,松江区,121.2086299,31.09785962
新农河绿地广场,新农河路与蔡家浜东路交叉口东北80米,松江区,121.2884853,31.08879833
千高广场,九峰路118号平高企业集团·平高广场,松江区,121.2263908,31.01838586
广富林文化遗址-缸池广场,广富林路3260弄广富林文化遗址内(东南角),松江区,121.193831,31.06120689
叶榭桂花公园(装修中),张星公路,松江区,121.3152594,30.9336751
陆国时代广场,[],松江区,121.2570798,31.03218175
松江泖港湿地,泖港镇西厍公路9号,松江区,121.1209559,30.92496099
光星路口袋公园,光星路与茸龙路交叉口南60米,松江区,121.2393482,31.03055872
九亭文化广场,九亭大街473弄1-49号,松江区,121.3254213,31.13255881
爱心广场,三新北路900弄泰晤士小镇内(西侧),松江区,121.1896827,31.03606756
街木陆冲公园(恒都广场店),中山街道恒都广场负一层,松江区,121.2422707,31.0400197
市民广场,茸平路与茸梅路交叉口西140米,松江区,121.2405978,31.03775677
市政广场,泰晤士小镇668号,松江区,121.1932702,31.03559779
欧堡利亚集团松江大港休闲广场,昆港公路800号,松江区,121.1448736,31.01497445
绿舟苑-岳阳健康主题公园,松江镇绿舟苑,松江区,121.2157132,31.01875426
法治文化广场,里陆街与茸梅路交叉口西160米,松江区,121.239509,31.05655967
市民广场,松江新城园中路1号区政府南,松江区,121.2232593,31.03202952
新桥镇文化休闲广场,新桥镇,松江区,121.3099481,31.06480495
欢乐广场,佘山林湖路888号上海欢乐谷内,松江区,121.2135521,31.0971359
昆秀湖,小昆山镇文翔路3988号(近辰塔路),松江区,121.1665252,31.04661927
广富林文化遗址-骨针广场,广富林路3260弄广富林文化遗址内,松江区,121.1904167,31.06370883
新生丽兰广场,九亭镇寅西路358号,松江区,121.2869909,31.13633432
佘山林荫广场,佘山茂御臻品之选酒店佘山林荫新路1288号余山国家森林,松江区,121.2036748,31.09874153
九峯源书法广场,嘉松南路1651号(松江大学城地铁站3号口步行250米),松江区,121.2267289,31.05541655
岳阳广场,中山二路与人民北路交汇处西北角,松江区,121.2231368,31.01248287
星座广场,外青松公路9142号上海佘山国家森林公园西佘山园内,松江区,121.1891767,31.09600644
万圣广场,佘山林湖路888号上海欢乐谷欢乐时光,松江区,121.2139355,31.09841761
上海月湖雕塑公园,佘山镇林荫新路1158号,松江区,121.2016232,31.10477826
九亭镇北场社区中心综合文化广场,沪亭南路与北场公路交叉口北80米,松江区,121.3366483,31.10636587
吴家浜公园,勤富路503号,松江区,121.3003544,31.11338375
九里亭公园,九里亭街道沪亭北路与涞寅路交叉口西南侧,松江区,121.3116662,31.1471552
泗泾公园,泗泾镇江川路188号,松江区,121.2705187,31.11615976
广富林东路休闲公园,广富林东路南侧沿线,松江区,121.2588118,31.05533549
新桥公园,新站路430号,松江区,121.3087929,31.06178081
汽车生活广场,沪松路8号百联又一城6楼,松江区,121.2412357,31.01508114
广富林郊野公园,辰塔路3488号,松江区,121.179011,31.06299613
九科绿洲公园,九亭镇中心路与朱金路交汇口,松江区,121.3237171,31.10988346
九亭口袋公园,九新公路与亭中路交叉口北60米,松江区,121.3173431,31.12746404
维也纳金山公园,平度路258号维也纳金山公园,浦东新区,121.5878476,31.25755062
南汇新城星空之境海绵公园,环湖北三路与白荆路交叉口南60米,浦东新区,121.9261198,30.91778062
共享公园,长岛路与菏泽路交叉口西160米,浦东新区,121.590329,31.26542666
滨河公园,航瑞路与鹤亭路交叉口东北100米,浦东新区,121.5887742,31.08651386
一心村健身公园,一心村宋家宅上丰东路2号,浦东新区,121.6780837,31.24533172
公园南入口广场,高斯路635号张江主题公园(东南角),浦东新区,121.6067534,31.20593039
海霞公园,祝桥江镇社区,浦东新区,121.7432386,31.17403975
川杨河滨水公园,新科路与上科路以东川杨河以南,浦东新区,121.6036669,31.18853251
浦兴文化公园,"浦兴路街道东陆路705号(地铁6号线、12号线巨峰路站,近张扬北路)",浦东新区,121.5860387,31.28089212
浦东牡丹园,高行镇兰谷路500弄,浦东新区,121.5907633,31.32455403
绿波苑健康主题公园,兴运路10号,浦东新区,121.5777775,31.2883678
碧云体育公园,杨高中路1153号,浦东新区,121.5790573,31.24508226
阳光公园,耀东路爱法花园-西区,浦东新区,121.6520056,31.27268814
卫行休闲公园,卫行路上海浦东新区民办鲁冰花小学西北侧约220米,浦东新区,121.5780217,31.16732627
梅园公园,乳山路180号,浦东新区,121.5222407,31.23844448
东方明珠公园,滨江大道2525弄5-25号,浦东新区,121.4956953,31.24311734
北城绿地公园,川沙华夏东路北城绿地(北城小区北),浦东新区,121.6970315,31.20023574
临港滨河文化公园,彭平路与池月路交汇处,浦东新区,121.8088068,30.9059799
中房洛克公园,上南路4467号金谊天桥下(11号线2号出口),浦东新区,121.5085536,31.14520295
大星文化公园,合庆镇勤奋村朝勤路160号,浦东新区,121.7150216,31.22382687
舒馨公园,书院一号公寓内,浦东新区,121.8649167,30.97976545
滴水湖儿童郊外公园,南汇新城环湖南一路辅路,浦东新区,121.9345813,30.88820772
毕加索公园,唐丰路与银樽路交叉口西20米,浦东新区,121.6418993,31.21529073
泾东公园,罗山路286号,浦东新区,121.551962,31.24935187
世博文化公园北园,世博大道2200号(世博大道地铁站4号口步行410米),浦东新区,121.4759153,31.18633519
泾南公园,羽山路850号,浦东新区,121.5492546,31.23779509
林空间口袋公园,张江镇哥白尼路川杨河东南角、张江科学会堂北侧,浦东新区,121.6096972,31.18983848
森兰湖公园,启帆路与阔垠路交界处(洲海路地铁站1号口步行390米),浦东新区,121.5893175,31.31508936
江镇市民广场公园,西临川南奉公路、南临晨阳路、北临晚霞路,浦东新区,121.7425741,31.17883039
南汇新城城市公园,南汇新城镇环湖西二路西50米,浦东新区,121.9174403,30.89271578
世纪公园,陆家嘴金融贸易区锦绣路1001号,浦东新区,121.548302,31.21788954
城南村社区生态公园,宣黄公路2542号,浦东新区,121.7311478,31.02496447
新场北岛公园,沪南公路与沪南立交桥交叉口东北180米,浦东新区,121.6650953,31.03598414
新南幸福广场,曹治路与新村路交叉口西120米,浦东新区,121.639299,31.00415934
古城公园,新川路117号,浦东新区,121.7030679,31.197298
川沙古城墙公园,新川路171号,浦东新区,121.7025617,31.19671503
开新文体公园,新奉公路555号,浦东新区,121.6418176,31.01985399
幸福公园,幸富路,浦东新区,121.7681159,31.02777175
川沙绿地公园,华东路川环南路口,浦东新区,121.6787342,31.18969797
四季公园,川图路与牌楼环路交叉口西20米,浦东新区,121.7042418,31.15596036
海天湖公园-健康公园,航亭环路与卫亭路交叉口东南40米,浦东新区,121.7576803,31.1034899
滨河绿地公园,听潮路与拱秀路交叉口西160米,浦东新区,121.735751,31.0700312
六灶健身公园,吉灿路18弄1-26号正东方向120米,浦东新区,121.7049395,31.11284058
上海薰衣草公园,申迪东路399弄187号南园,浦东新区,121.6689345,31.14815998
健康主题公园,下盐公路与光明路交叉口西南100米,浦东新区,121.7165949,31.07249182
艺泰安邦花园-体育公园,南季路与鸣晓路交叉口西北240米,浦东新区,121.7011819,31.06234647
海天湖公园,祝桥镇,浦东新区,121.7586822,31.10293666
金枫公园,唐镇虹盛路215号,浦东新区,121.6752294,31.24190465
唐丰公园,唐丰路881号,浦东新区,121.6424502,31.20480787
鹤坡园-健康公园,新环西路新环南路交界处鹤坡园内(北侧),浦东新区,121.6377445,31.01665944
金桥公园-淮音广场,台儿庄路金桥公园(东北角),浦东新区,121.5898363,31.25988699
金桥公园,台儿庄路408号,浦东新区,121.588869,31.25915814
南汇嘴观海公园,世纪塘路,浦东新区,121.9675297,30.88352911
春花秋色公园,南汇新城环湖西二路,浦东新区,121.9459829,30.88020422
航城公园,鹤韵路与鹤驰路交叉口东80米,浦东新区,121.5927769,31.08180599
航东村口袋公园,航鸣路,浦东新区,121.5979023,31.03575205
老港公园,沪南公路建中路交界处,浦东新区,121.8343346,31.03779047
祝桥镇门球主题公园,朝晖路与江明路交叉口西南80米,浦东新区,121.7433189,31.18237251
蔡路公园,勤昌村西蔡家宅90号,浦东新区,121.7288896,31.21543665
唐城绿地文化公园,唐龙路479号,浦东新区,121.6425386,31.22296902
金团公园,南团公路永晨路交界处,浦东新区,121.7493952,30.9788837
上海海昌海洋公园,银飞路166号,浦东新区,121.901615,30.91502705
雷锋公园,顺航路与东翔路交叉口东100米,浦东新区,121.8068672,31.09737252
博爱公园,建中路老港公园(东北角),浦东新区,121.835761,31.03893441
浦东川沙健康公园,川周公路5754号,浦东新区,121.6860024,31.17075924
北蔡消防主题公园-联勤广场,北蔡镇联勤村,浦东新区,121.5468494,31.17032823
汤巷体育公园,康人路570号,浦东新区,121.599122,31.14889248
日新公园,曹路镇瑞祥路268号正东方向174米,浦东新区,121.6633068,31.26340392
滨江大道-欢乐广场,富城路滨江公园,浦东新区,121.4922695,31.23720877
世纪公园-观星广场,陆家嘴金融贸易区锦绣路1001号世纪公园内(东侧),浦东新区,121.5557429,31.21666449
长岛路健康理念公园,长岛路521号长岛路休闲广场,浦东新区,121.575505,31.26505588
济阳公园,耀华路600号(济阳路口),浦东新区,121.4753848,31.1711134
川沙公园,南桥路456-458号(川沙地铁站1号口步行330米),浦东新区,121.6966078,31.19301198
世继未来体育公园,长清路1200号(森宏购物广场地面停车场旁),浦东新区,121.4848142,31.15128203
上南公园,德州路198号(成山路地铁站2号口步行270米),浦东新区,121.4941309,31.16915449
华夏公园,华夏东路285号(近外环),浦东新区,121.6446154,31.19489608
高东公园,光灿路118号,浦东新区,121.6208717,31.32953677
世纪公园管理楼,陆家嘴金融贸易区锦绣路1001号世纪公园(东北角),浦东新区,121.5546811,31.22332456
沿北公园,军民公路2888号,浦东新区,121.5803027,31.14477154
上海一圈青年文化主题公园,陆家嘴中心绿地(陆家嘴地铁站5号口步行340米),浦东新区,121.5015095,31.23987222
吟风公园,齐恒路19号(杨高南路地铁站4号口步行490米),浦东新区,121.5150232,31.19226944
柳园公园,世纪大道(浦东南路地铁站3B口步行450米),浦东新区,121.5033714,31.23801461
高东二路口袋公园,新跃北路路口,浦东新区,121.6221406,31.32705727
香梅公园,东绣路与梅花路交叉口东北100米,浦东新区,121.5339315,31.21307741
后滩公园,世博文化公园北侧,浦东新区,121.4682359,31.18549332
蔓趣公园,洪山路201号(近昌里路),浦东新区,121.495988,31.17637336
唐镇公园,唐丰路与银樽路交叉路口西侧(张江国际豪庭西侧约50米),浦东新区,121.6412656,31.2125191
莫比乌斯公园,振桥路与申轮路交叉口西南120米,浦东新区,121.6266035,31.28952542
森兰绿地,高行镇启帆路628号,浦东新区,121.5949476,31.30896302
合庆郊野公园,浦川路88号,浦东新区,121.718022,31.25721249
前滩休闲公园,前滩大道北侧滨江,浦东新区,121.4616551,31.15282586
培花公园,芳草路206-208号(芳华路地铁站2号口步行480米),浦东新区,121.5502485,31.19563403
世博后滩湿地公园,世博大道2200号,浦东新区,121.4651332,31.18378392
广兰公园,张江镇广兰路965号(近紫薇路),浦东新区,121.6155595,31.21087652
临沂公园,东方路3683号(近浦东南路),浦东新区,121.5024581,31.19018976
桃林公园,源深路1111号,浦东新区,121.5347879,31.2273817
港城公园,高桥镇欧高路509号,浦东新区,121.576211,31.35854172
高东镇孝亲敬老主题公园,光明路41-222弄正东方向70米,浦东新区,121.6117778,31.33720546
长青公园,长清路11号(长清路地铁站7号口旁),浦东新区,121.484228,31.17604847
东明公园,三林城(三林东地铁站4号口步行210米),浦东新区,121.5149848,31.14842083
前滩体育公园,前滩大道735号,浦东新区,121.4603365,31.14851181
周浦文化公园,周邓公路6851号,浦东新区,121.5929133,31.11489352
张江碧波公园,张江高科技园区碧波路321号,浦东新区,121.5791394,31.20836148
张江艺术公园,张江镇张江高科技园区松涛路666号,浦东新区,121.5800085,31.20536547
龚华街心公园,龚华路246号,浦东新区,121.6805345,31.26507044
户外写生合庆郊野公园,王家车路与G1503便道交叉口西北20米,浦东新区,121.7132661,31.26245038
高桥公园,花山路482号,浦东新区,121.568545,31.34772014
新高苑南侧休闲公园,高东镇高建路新高苑雅园,浦东新区,121.6160983,31.29185804
绿洲公园,高行镇近兰谷路庭安路交叉口,浦东新区,121.5935527,31.3288796
金桥镇樱花公园,金京路与佳乐路交叉口西南角,浦东新区,121.6123659,31.27017723
高行绿地公园,高行镇金京路906号,浦东新区,121.6107924,31.28928445
前滩休闲公园-媒体广场,泳耀路与耀体路交叉口西北前滩友城公园内(北侧),浦东新区,121.4683463,31.16208657
开兴体育公园,双桥路318号,浦东新区,121.5989874,31.28860647
运动公园,紫荆花路66号,浦东新区,121.9112529,30.8964872
临港公园,环湖西三路829号,浦东新区,121.911245,30.89515398
锦尊体育公园,成山路与锦尊路交叉口,浦东新区,121.527066,31.18198948
东沟公园,浦东北路1200弄,浦东新区,121.5732785,31.298796
杨园体育公园,园二路新园路路口东南角,浦东新区,121.629935,31.31702823
由由公园,严中路300弄23号301室,浦东新区,121.5283984,31.19188796
活力102体育休闲公园,陆家嘴街道乳山路102号活力102俱乐部,浦东新区,121.5164223,31.23695305
锦绣文化公园,高科西路2599号,浦东新区,121.5411718,31.19278701
外高桥自贸广场公园,富特西一路至富特北路的马吉路段南侧,浦东新区,121.5853956,31.35032064
世博文化公园,济坤路100号,浦东新区,121.4723217,31.18110272
工友小镇休闲广场,南季路1239号,浦东新区,121.6919724,31.05964373
三林世博主题公园,大道站路与东书房路交叉口东北角,浦东新区,121.5341262,31.16413032
紫蝶公园,繁锦路1003号(洲海路地铁站2号口步行470米),浦东新区,121.5824336,31.31282391
南浦广场公园,浦东南路2277号,浦东新区,121.5110644,31.20513175
G地公园,源深体育中心张扬路1458号,浦东新区,121.5304934,31.23435893
浦东体育公园,源深路655号(源深体育中心地铁站2号口步行370米),浦东新区,121.5320241,31.23350314
花木公园,杜鹃路332号(龙阳路地铁站8号口步行490米),浦东新区,121.5496683,31.20601686
金光村公园,高东镇顾高路1218号3栋,浦东新区,121.6326128,31.29788189
世博公园,世博大道2700号2号(世博大道地铁站1号口步行260米),浦东新区,121.4804346,31.18909879
社区公园,凯德新视界旁,浦东新区,121.8056201,30.96606266
合庆公园,庆荣路398号,浦东新区,121.7190038,31.23780322
Y18-星愿公园,申迪西路1009号,浦东新区,121.6640817,31.13858738
浦发公园,永泰路浦三路口(浦三路地铁站2号口步行130米),浦东新区,121.53575,31.15184262
环东公园,张江镇孙新路(环东菜市场南侧),浦东新区,121.6505516,31.18539037
海徐路公园,航津路,浦东新区,121.6090861,31.33983644
六团水景公园,川六公路,浦东新区,121.722404,31.15849506
口袋体育公园,广中路街道花园城2期3期与虹口德必运动LOFT交汇处,虹口区,121.4689136,31.27343236
来福公园,北外滩来福士4层空间(提篮桥地铁站3号口旁),虹口区,121.5034161,31.25521202
高兴公园,大连西路246号,虹口区,121.4851385,31.27866539
精武公园-欧式喷泉广场,中山北一路与逸仙高架路入口交叉口东南100米,虹口区,121.4811927,31.28968227
和平公园,天宝路891号,虹口区,121.4987679,31.27270759
和平公园-和平广场,新港路和平公园(西南角),虹口区,121.4974372,31.27170303
昆山公园,昆山花园路13号(百官街口),虹口区,121.4821674,31.2509576
江湾公园,新市北路1509号(近丰镇路),虹口区,121.477412,31.30780317
凉城公园,凉城路800号(近车站北路),虹口区,121.4673693,31.2998434
四季有美景口袋公园,鲁迅公园欧阳路一侧至朱屺瞻艺术馆段围墙处,虹口区,121.4814356,31.27718414
霍山公园,霍山路118号(近舟山路)(提篮桥地铁站1号口步行400米),虹口区,121.5067088,31.25546966
曲阳公园,中山北一路880号,虹口区,121.4810934,31.28888431
四川北路公园,四川北路1428号(四川北路地铁站1号口步行220米),虹口区,121.4803144,31.25683361
北外滩航海公园,北外滩国客中心(国际客运中心地铁站出入口步行470米),虹口区,121.4932309,31.24978097
鲁迅公园,四川北路2288号(虹口足球场地铁站6号口步行130米),虹口区,121.4790375,31.27370964
霍山公园-入口广场,霍山路118号霍山公园(近舟山路),虹口区,121.5066064,31.25574823
天都里拉休闲广场,亭卫公路6580附近,金山区,121.3422225,30.84830818
平安广场,恒康路,金山区,121.3377073,30.85876535
金山广场,山阳镇金山大道2000号,金山区,121.3380833,30.74296131
口袋公园(建设中),临仓街与沈浦泾路交叉口西南角,金山区,121.1688087,30.89464014
文化广场,枫丽路163号,金山区,121.0118789,30.88919556
荟萃园,大堤路208号,金山区,121.3352182,30.71210122
紫金广场,公园路288号,金山区,121.1583793,30.89857429
蟠桃广场,朱吕公路吕巷镇,金山区,121.1784162,30.83347935
吕巷水果公园,金石北路3889号,金山区,121.2098925,30.83611577
车镜广场,干巷镇,金山区,121.2317075,30.83212028
中联村·党群文化主题公园,中联路与中联支路交叉口东北380米,金山区,121.1351881,30.8168948
菖蒲公园,菖梧村南侧70米,金山区,121.0080497,30.852813
上海市见义勇为纪念广场,亭卫公路与恒康路交叉口平安广场内东北区域,金山区,121.3380325,30.85914054
留溪广场,张堰镇新建路122号,金山区,121.2811196,30.80356616
罗星南路口袋公园(建设中),"朱泾镇G320南侧,东风南路至罗星南路之间",金山区,121.1618988,30.89341387
祥鱼湖广场,山倪路,金山区,121.3723997,30.73745789
港翔休闲广场,亭林镇林镇亭学路109弄22号,金山区,121.3150852,30.89279454
健康广场,大慈路与亭升路交叉口东北80米,金山区,121.3147293,30.89033665
绿地生活广场,龙轩路绿地金卫新家园-东区,金山区,121.30961,30.74448142
山阳广场,龙胜路与杭州湾大道交叉口西140米,金山区,121.3474479,30.73042515
牡丹广场,慧丹路东北40米,金山区,121.2006249,30.88717077
朱泾邻享口袋公园,沈浦泾南路(众安街-众益街),金山区,121.1694697,30.8870868
红旗路健康主题广场,红旗东路389号附近,金山区,121.3558862,30.76307264
香颂湾广场,海汇街与龙轩路交叉口南约80米,金山区,121.3341062,30.7521919
护塘法治公园,漕泾镇护塘村漕廊公路与邓桥路交叉口,金山区,121.3753341,30.79904827
健康主题公园,中一西路与富漕路交叉口西200米,金山区,121.3982011,30.79864595
金山区质量科普公园,漕泾小学后门东侧,金山区,121.3925875,30.80096625
藕遇公园,水泾路1055号,金山区,121.3907027,30.82814258
上海漕泾郊野公园,漕泾镇长堰路与朱漕路交叉口,金山区,121.3814481,30.82646412
水库村湿地公园,长堰路与三牧场路交叉路口往东南约150米,金山区,121.3914226,30.82617648
山龙绿地广场,板桥西路与山龙街交叉口东北120米,金山区,121.3328088,30.7326944
月牙公园,亭枫公路与朱枫公路交叉口南40米,金山区,121.0046743,30.88522635
滨海公园-动物园,新城路16号滨海公园内(西南角),金山区,121.3401778,30.70798212
中兴村善治主题公园,中甸路与山通路交叉口北20米,金山区,121.3364753,30.77248675
金山星辰绿地广场,朱泾人民路与秀州街交叉口西北120米,金山区,121.161511,30.90556001
朱泾镇新时代文明实践广场,朱泾万安街与南圩路交叉口西20米,金山区,121.1582961,30.89894092
车镜公园,吕巷镇朱吕公路3858号(近松卫路),金山区,121.231284,30.83572002
张堰公园,花贤路68号,金山区,121.2789507,30.80587854
上海廊下郊野公园,漕廊公路(廊下生态园),金山区,121.1602922,30.77864778
金水湿地公园,志伟路与九工路交叉口西南220米,金山区,121.3078626,30.83011113
金山宠四季Plus宠物主题公园,廊下生态园入口后右转300米,金山区,121.152521,30.78888299
亭林公园,华亭路,金山区,121.3080376,30.88413672
顾公广场,"亭林镇第二养老院隔壁,大通路15号对面",金山区,121.3088289,30.88330176
鲁堰村村民公园,鲁堰东路与鲁堰北路交叉口南60米,金山区,121.2994041,30.80978743
杨家村党建公园,蒙山路与金山大道交叉口南200米,金山区,121.3363015,30.73907161
滨海公园,石化街道新城路16号,金山区,121.3414889,30.70945703
贸中广场,象州路128号,金山区,121.3407172,30.71281776
金山湾时代广场,石化八村象州路128号,金山区,121.3410784,30.71326489
金山公园,近郊朱泾镇公园路96号(朱泾公园路新汇街),金山区,121.1579187,30.89414004
汇龙湖公园,龙山路北,金山区,121.3445988,30.75144822
小公园,复旦大学附属金山医院对面,金山区,121.3313306,30.71454832
法治文化主题公园,松金公路与查梅路交叉口东南100米,金山区,121.307745,30.75669847
金水湖健康主题公园,九工路志诚路路口,金山区,121.3054934,30.83353547
秦望山百草园,张堰镇漕廊公路8097号,金山区,121.2592886,30.79034022
白漾村法治公园,红光路与漾平路交叉口西南40米,金山区,121.2332802,30.85564361
东礁苑,龙临街与东园街交叉口西北100米,金山区,121.3370451,30.72527025
枫溪公园,枫泾镇新泾路45号,金山区,121.013292,30.88772328
马棚文化公园,南阳港西路与山海路交叉口西120米,金山区,121.3338942,30.76931226
勇敢公园,勇敢村民委员会南面,金山区,121.1912945,30.79899228
山阳市民广场,杭州湾大道与龙航路交叉口南120米,金山区,121.3338602,30.75945056
新城公园,山阳镇龙航路海芙路,金山区,121.3368964,30.76013953
飞虹公园,老卫清路与飞虹村路交叉口西北150米,金山区,121.3122805,30.72755912
上海动物园,虹桥路2381号,长宁区,121.3583966,31.19516064
新虹桥中心花园,伊犁路97号(伊犁路地铁站4号口步行50米),长宁区,121.4001424,31.20208863
华山儿童公园,华山路1575号(交通大学地铁站6号口步行160米),长宁区,121.430054,31.20600489
临空滑板公园,云岭西路与香樟路交叉口西南240米,长宁区,121.3537257,31.23183511
天原公园,水城路735号,长宁区,121.3862603,31.21474622
哈密公园,新渔路与蒲淞南路交叉口南120米,长宁区,121.3693722,31.21542965
临空音乐公园,临华路与协和路交叉口北,长宁区,121.3465399,31.23947039
中山公园横丁,长宁路969号兆丰广场地下一层,长宁区,121.4145304,31.21986325
水霞公园,仙霞路505号,长宁区,121.3856871,31.20875439
中山公园-米兰广场,长宁路820号米兰广场(中山公园地铁站4号口旁),长宁区,121.41534,31.22144612
中山公园,长宁路780号,长宁区,121.414402,31.22346245
虹桥河滨公园,长宁路2080号(锦屏路口),长宁区,121.3960196,31.22142728
梦核公园,江苏北路与万航渡路交叉口东20米,长宁区,121.4194266,31.23006868
长宁虹桥体育公园,绥宁路820号,长宁区,121.3414,31.22317096
天山公园,延安西路1731号(近凯旋路),长宁区,121.4112094,31.21200874
新泾公园,天山西路455号(近淞虹路),长宁区,121.3574671,31.21894148
虹桥公园,遵义路101号(紫云西路口),长宁区,121.400928,31.20795887
梅陇好人公园,上中西路788号,闵行区,121.4112802,31.13351587
航华公园,航新路600号,闵行区,121.3430925,31.17617099
古美中环运动公园,虹梅路与古龙路交叉口,闵行区,121.4025182,31.15238925
古美体育公园,古龙路11号,闵行区,121.4019039,31.15362248
星乐公园,通海路318号附近,闵行区,121.4681341,31.03932208
法制宣传主题公园,莘谭路闵行区实验小学(莘松校区)南侧约70米,闵行区,121.3667859,31.110383
华翔绿地公园,申昆路291号,闵行区,121.3238832,31.17448075
古美人口文化公园,平南路与莲花路交叉口西南角,闵行区,121.3903657,31.15368824
滑板公园,红松东路620号体汇名都体育公园,闵行区,121.3945324,31.19083827
体汇+名都体育公园,虹桥镇红松东路620号,闵行区,121.3942254,31.19123212
颛桥公园,颛盛路525号,闵行区,121.386943,31.06359526
锦梅公园,春申路1960号,闵行区,121.4165816,31.11401932
上海浦江郊野公园,浦星公路2578弄8号,闵行区,121.491851,31.05992848
虹溪公园,莲花路附近(近海通证券),闵行区,121.3815167,31.17698662
食艺公园,虹井路107号(龙柏新村地铁站3号口步行400米),闵行区,121.3666175,31.17508878
莲心公园,春都路与都庄路交叉口东80米,闵行区,121.4130088,31.08445607
叠翠园,莘朱路与老宅里路交叉口西北100米,闵行区,121.4048928,31.11962446
集心公园,梅陇镇梅富路,闵行区,121.408867,31.11694954
碳路者公园,华西路500号,闵行区,121.361352,31.06524839
闵行文化公园,吴中路2019号(航中路地铁站3号口步行310米),闵行区,121.3559194,31.16663073
凹凸滑板公园,新龙路1285号(中春路地铁站1号口步行280米),闵行区,121.3332118,31.1541145
闵行体育公园,新镇路456号,闵行区,121.3662576,31.14506485
马桥古文化遗址公园,北松公路888号,闵行区,121.3866325,31.03656004
七莘路绿地口袋公园,七莘路东侧淀浦河北侧,闵行区,121.3662623,31.12547737
闵行科技幼儿园口袋公园,龙茗路513弄街坊道路上,闵行区,121.3819824,31.13120933
颛联休闲公园,沪闵公路与联农路交叉口东北80米,闵行区,121.398404,31.06639915
永联文化生态公园,景洪路与景联路交叉口北100米,闵行区,121.4383288,31.10288609
梅陇镇法治口袋公园,龙吴路与联曹路交叉口西北140米,闵行区,121.4495624,31.10113926
吴泾公园,剑川路2号,闵行区,121.4730112,31.04886393
THE PARK卡丁公园,吴中路1588号爱琴海购物中心下沉式广场(B1层),闵行区,121.3679096,31.17594781
田园,梅州路445号,闵行区,121.3906382,31.08908336
闵行体育文化休闲广场,新镇路456号闵行体育公园,闵行区,121.3666302,31.14377408
平阳双拥公园,古美路,闵行区,121.3826784,31.1363721
古美科普公园,古美路,闵行区,121.4008566,31.14337073
口袋公园,古美路街道古美八村,闵行区,121.4005977,31.14126282
和园广场,江川路街道香樟时尚广场沪闵路269号香樟广场和园广场,闵行区,121.4182994,31.01024622
闵行公园,沪闵路249号(江川路口)(江川路地铁站1号口旁),闵行区,121.4200173,31.01054569
川上美集滨江文创公园,江川路街道,闵行区,121.4181632,30.99876087
闵行滨江公园,江川路街道浦江路170号,闵行区,121.4209183,31.0003786
浦江第一湾公园,紫星路,闵行区,121.4681882,31.01663848
休闲公园,澄江路与景洪路交叉口东南280米,闵行区,121.4430981,31.08230649
华漕公园,华美路93号,闵行区,121.3285455,31.22165761
古美公园,平吉路799号(顾戴路地铁站4号口步行270米),闵行区,121.3885603,31.14379711
黎安公园,秀文路118号,闵行区,121.3754633,31.1316612
林荫广场,纪高路600号纪王公园,闵行区,121.2641668,31.24009927
纪王公园,纪高路598-600号,闵行区,121.2644735,31.24011805
春申公园,虹梅南路1528弄68号,闵行区,121.4241472,31.12053041
力波公园,虹梅南路益梅路转角,闵行区,121.4110709,31.13514587
梅陇生态公园,莘朱路888号,闵行区,121.3993525,31.11873987
宜嘉园·浦江沪谚文化公园,浦连路651号,闵行区,121.5308957,31.05315953
G60高速防护林口袋公园,沪闵公路与莘建路交叉口东北角,闵行区,121.3758406,31.1114359
红园,江川路354号(近红园路),闵行区,121.4095491,31.00552466
闵行生态公园,东川路3333号闵行开发区生态公园西洋园·企业园,闵行区,121.3706712,31.00056467
闵行市民文化广场,高兴路与莲花南路交叉口西80米,闵行区,121.4015731,31.11629347
梅陇廉洁文化公园,上中西路1250号,闵行区,121.4045966,31.13255235
Realpark king sports体育公园,梅州路56号,闵行区,121.3998448,31.09317007
梅陇南方公园,闵虹路与万源路交叉口西南240米,闵行区,121.3930379,31.13112256
亚马逊公园萌宠乐园,都市路5001号5楼,闵行区,121.3821372,31.10878748
莘庄南广场公园,珠城路与名都路交叉口西南100米,闵行区,121.3832845,31.10683383
闵行开发区生态公园西洋园·企业园,东川路3333号,闵行区,121.3706692,31.00060265
莘城中央公园,闵城路180号(近珠城路),闵行区,121.3821114,31.10698949
梅陇生态公园,梅陇镇得翠园绿地停车场以北,闵行区,121.3987916,31.11777936
市民文化广场,景谷路与金平路交叉口东南80米,闵行区,121.4050418,31.0166522
古藤园,江川路街道临沧路148号(东川路江川路间),闵行区,121.382364,31.00492397
莘庄公园,莘浜路421号,闵行区,121.3680147,31.10393012
五福广场,莘浜路421号莘庄公园(西南角),闵行区,121.3665928,31.10316023
银杏公园,东川路与金平路交叉口西南角(金平路地铁站1号口步行110米),闵行区,121.4065388,31.01274703
嘉和公园,梅陇西路666号(莲花路地铁站5号口步行460米),闵行区,121.3982737,31.12782587
外环高速绿地口袋公园,S20外环高速与淀浦河西侧,闵行区,121.3782408,31.1283826
诸翟公园-闵行市民文化广场,运乐路188号诸翟公园(东南角),闵行区,121.2829014,31.21049005
五星体育公园,航中路与吴中路交叉口北60米(航中路地铁站2号口旁),闵行区,121.3511191,31.16870018
鑫都路水文化公园,莘庄工业区鑫都路2430号附近,闵行区,121.3942508,31.06011901
法治文化主题公园,申长路与迁虹路交叉口西60米,闵行区,121.3074259,31.21359942
嘉丽苑广场,新龙路汇宝购物广场北侧约100米,闵行区,121.3448254,31.15930464
嘭嘭体育公园(暂停开放),漕宝路3366号七宝万科广场六层,闵行区,121.3462337,31.15698042
博君生活休闲广场,中春路6785号,闵行区,121.3449432,31.1357659
万泰中心广场,七宝镇七莘路2299弄万泰花园127号楼,闵行区,121.3510274,31.1441102
七宝老街-蒲溪广场,七宝老街,闵行区,121.3489575,31.1541493
年轮公园,天山西路与申滨路交叉口西100米,闵行区,121.3019186,31.21393506
光明乳业华东中心广场,紫东路489号光明乳业华东中心广场,闵行区,121.3457849,31.01483796
七宝老街-钟楼广场,青年路,闵行区,121.3489803,31.15609724
马桥科普文化广场,东新街2弄5号,闵行区,121.3655945,31.03043301
市民广场,吴中路2019号闵行文化公园(南侧),闵行区,121.3574472,31.16120326
川源公园,永平路251号,闵行区,121.4269942,31.0190707
闵行区民法典主题公园,市民文化广场,闵行区,121.4919516,31.08096878
七宝老街-闵行市民文化广场,七宝老街南大街9号七宝茶馆内,闵行区,121.3490143,31.15570139
莘聚场口袋公园,莘建路北侧,闵行区,121.3693047,31.10684203
严家湾休闲广场,华漕镇赵家村严家湾14号,闵行区,121.2455262,31.2569945
莘庄梅园,莘庄立交与S4沪金高速交汇处南200米路东,闵行区,121.3882397,31.11750644
马桥公园,富岩路298弄15号,闵行区,121.3653167,31.03310679
过遇园·3D打印艺术景观公园,申兰路1420号,闵行区,121.3174343,31.20431122
西环路绿地口袋公园,中春路与疏影路交叉路,闵行区,121.3568168,31.12085372
丰泰体育公园,联恒路1002号联恒路顾家堰路路口东20米顺丰丰泰C栋三层,闵行区,121.5346119,31.0881177
君莲剪纸公园,春都路闵行区颛桥社区卫生服务中心君莲分中心西北侧约230米,闵行区,121.4110935,31.08306763
魔幻体育公园,北华路120号,闵行区,121.3265782,31.23035431
诸翟公园,运乐路188号,闵行区,121.2824521,31.21087545
许浦公园,华漕镇许浦村四队,闵行区,121.3344694,31.23039631
春申湖广场,黎安路188号,闵行区,121.3600665,31.12907755
江玮公园,浦江镇江玮路269号,闵行区,121.5290302,31.06211167
旗忠公园,光华路2450号,闵行区,121.3452251,31.06010459
闵行市民文化广场,西新街东新街2弄小区,闵行区,121.3658102,31.02996402
北极星市民广场,盈清路188号北极星广场,青浦区,121.0887634,31.14262894
芦花广场,海盈路与港俞路交叉口东北260米,青浦区,121.1011979,31.14621472
港隆休闲广场,盈港路453号,青浦区,121.1097701,31.16083731
杨家庄健身广场,沈泾塘路与凤联路交叉口南200米,青浦区,121.2002466,31.18002223
上海朱家角古镇旅游区-银杏树广场,美周路,青浦区,121.0511446,31.11074595
新木桥村文化广场,新凤南路233弄72号,青浦区,121.2317543,31.20389472
佘山国家森林公园,崧泉路1026-1号,青浦区,121.1522222,31.15719852
太浦河白渔荡湿地,莲龚路西侧,青浦区,120.9685996,31.02324702
悦·北新党建文化广场,凤星路与新凤中路交叉口东北420米,青浦区,121.2291714,31.20929068
朱家角镇市民广场体育公园(暂停开放),浦祥路与珠扬路交叉口东北150米,青浦区,121.0404461,31.1086841
朱家角市民广场,沙家埭路与珠溪路交叉口西240米,青浦区,121.042026,31.10573822
东方绿舟-未来广场,沪青平公路6888号东方绿舟(东北角),青浦区,121.0106924,31.11220611
国博园中央文化广场,虹桥世界手工艺产业博览园(诸光路36号、66号),青浦区,121.3159224,31.16213133
国家会展中心(上海)南广场,盈港东路166号附近,青浦区,121.2998081,31.18842318
火星村党建广场,凤溪塘路g15号,青浦区,121.2495112,31.22305459
白鹤健康广场,建屯路169号正东方向70米,青浦区,121.078955,31.25899349
北城广场,乐高路与崧泽大道交叉口南50米,青浦区,121.2361141,31.17736577
香雪公园,老朱青路280号对面,青浦区,121.1035809,31.14145014
福泉山广场,福泉山路658号,青浦区,121.1729039,31.20214624
赵巷镇健康广场,赵中路赵巷影剧院,青浦区,121.1911105,31.15229112
东方绿舟景区-湖滨广场,银杏北路与湖滨大道交叉口西280米,青浦区,120.9979387,31.10464771
练塘健康广场,练塘镇文化路128号,青浦区,121.0390015,31.011638
蟠龙天地喷泉广场,蟠鼎路123弄8号,青浦区,121.2721983,31.19080999
太阳岛迎宾广场,沈太路2588号,青浦区,121.086112,31.0353768
五茸口袋公园(建设中),崧建路上海师范大学附属青浦实验学校东侧,青浦区,121.1911181,31.2042508
火星村小广场,火星村157号,青浦区,121.2529438,31.21251481
国家会展中心-圆形瀑布广场,崧泽大道333号国家会展中心,青浦区,121.2973149,31.19171972
国家会展中心中心广场,崧泽大道333号国家会展中心(上海),青浦区,121.2973548,31.19170167
蟠龙天地戏台广场,蟠鼎路123弄8号,青浦区,121.2701158,31.19136369
梦谷体育公园,华徐公路与徐祥路交叉口北160米,青浦区,121.262049,31.20019657
民惠法治文化广场,新胜路155号,青浦区,121.0966786,31.21381654
申源口袋公园,陈华江路与福滨路交叉口东南角,青浦区,121.1818125,31.19342392
赵巷体育公园,业文路北侧,青浦区,121.2231663,31.12650602
赵巷公园,镇泽路与巷崧路交叉口南220米,青浦区,121.1935421,31.15963628
苏宁公园,公园路458号凯特利广场,青浦区,121.1125669,31.15073462
青浦春暖绿地公园,崧润路,青浦区,121.1555523,31.1502482
华新镇党建广场,新凤中路博隆虹桥商业广场西南侧约290米,青浦区,121.222071,31.23740833
音乐公园,庙前街21号,青浦区,121.1083183,31.14923446
华益村徐介广场,华益路与华纪路交叉口西北220米,青浦区,121.2312025,31.25743362
梅香公园,漕盈路与漕俞路交叉口西南80米,青浦区,121.0897135,31.16083318
青西郊野公园,紫莲路500号,青浦区,120.9920374,31.07063785
沁园湖绿地广场,清河湾路819弄71西北方向160米,青浦区,121.0928995,31.17297158
申源广场,陈华江路与福滨路交叉口西160米,青浦区,121.1832442,31.19364638
沁园湖公园,清河湾路与盈顺路交叉口西120米,青浦区,121.0937243,31.17368021
长岛公园,胜利路,青浦区,121.0976077,31.16622837
云朵公园,北淀浦河路与浦仓路交叉口西南120米,青浦区,121.1163486,31.14365956
如心公园,港俞路以东海盈路以南,青浦区,121.0993086,31.14516675
上善广场,城中北路与盈秀路交叉口南340米,青浦区,121.1088582,31.16533939
环城水系公园,城中北路东100米,青浦区,121.1089813,31.16550038
福寿园新四军广场,外青松公路7270弄600号,青浦区,121.1304207,31.11353397
上海人文纪念公园,外青松公路7270号,青浦区,121.1300172,31.11240505
淀山湖大道公园,淀山湖大道与中字河路交叉口东北120米,青浦区,121.0532041,31.13201261
健康主题公园,京华路,青浦区,121.2737442,31.16999297
爱多邦公园,崧淀二路与青湖东路交叉路口往东南约50米,青浦区,121.1513754,31.14677949
口袋公园,建新村,青浦区,121.0959435,31.06425496
淀山湖栾树林公园,港周路,青浦区,121.0630235,31.13197716
华新公园,华新镇华富街666号(近新府北路),青浦区,121.2243472,31.24471685
青溪园,淀浦河南侧青松路西侧至柘泽塘,青浦区,121.1111266,31.14230001
北箐园,华科路400号,青浦区,121.1293533,31.15840948
崧泽广场,吉富绅花园1688弄8号楼401室,青浦区,121.131075,31.15513452
虹泾鑫汇园网络安全公园,徐泾镇虹泾鑫汇园,青浦区,121.2385428,31.1765599
南箐园,区华青南路100号,青浦区,121.131772,31.14364655
河泾公园,重固镇福定路南段,青浦区,121.1831063,31.20090056
上海市小滨江广场,上海市青浦区白鹤镇白虬江路附近,青浦区,121.1285387,31.27994105
金泽镇健康主题公园,金溪路与金中路交叉口西160米,青浦区,120.9163823,31.03870509
凤溪公园,凤溪镇,青浦区,121.2226239,31.20768579
青浦仁恒生活广场,华青南路177弄,青浦区,121.128172,31.1436567
华隆公园,华新镇华隆路与新凤中路交叉路口往东约150米,青浦区,121.225572,31.22201923
重固体育公园,福定路,青浦区,121.1847111,31.20449366
尚茂海棠园公园,徐乐路1976号,青浦区,121.2419158,31.1807634
泗沙林地公园,明珠家园旁,青浦区,121.2507539,31.19779752
曲水园,公园路612号(近青安路),青浦区,121.1094668,31.15089032
重固镇农民公园,福泉山路与泉中路交叉口北200米,青浦区,121.179472,31.20395651
吴淞滨江公园,白虬江路与漕青路交叉口东380米,青浦区,121.1322721,31.27888256
小蒸公园,三官桥路与贞溪北路交叉口东40米,青浦区,121.0742862,30.98901719
重固文心公园,福泉山东路与联茂路交叉口,青浦区,121.1876239,31.20146623
静安公园-静安寺广场,南京西路1661号(静安寺地铁站15号口步行210米),静安区,121.4413168,31.22433784
静安公园,华山路189号(静安寺地铁站2号口步行110米),静安区,121.442286,31.22389389
中兴公园,中华新路396号(中兴路地铁站1号口步行290米),静安区,121.4653887,31.25663318
大宁公园,广中西路288号(近共和新路),静安区,121.438486,31.27762799
彭浦四季公园.秋园,长临路396号,静安区,121.4303907,31.31954134
岭南公园-圆舞小广场,岭南公园(汾西路北),静安区,121.4520264,31.31566922
东茭泾公园,彭浦新村街道临汾路1633号,静安区,121.4314343,31.31120402
辅德里公园,老成都北路7弄之20-44号,静安区,121.4620951,31.2267172
岭南公园-中轴广场,汾西路600号,静安区,121.4517747,31.3160885
大宁郁金香公园拳操广场,宜川路大宁郁金香公园,静安区,121.4340131,31.27582021
三泉公园,保德路1200号(共和新路口),静安区,121.4424463,31.31733953
静安区双拥公园,国庆路与晋元路交叉口西南120米,静安区,121.4646557,31.24183586
大宁四方公园,彭江路与广延路交口,静安区,121.4509148,31.28912215
永和公园,原平路702号,静安区,121.4278779,31.29216048
不夜城公园,华盛路213号(汉中路地铁站2号口步行350米),静安区,121.4564768,31.24653322
静安中环公园,共和新路3050号(汶水路地铁站4号口旁),静安区,121.4453972,31.29474314
彭浦公园,场中路2150号(近共和新路),静安区,121.442794,31.30645136
西康公园,西康路255-1号,静安区,121.4452403,31.23201893
交通公园,新马路262号,静安区,121.4628876,31.24939287
闸北公园,共和新路1555号(近洛川东路),静安区,121.4554045,31.27244137
口袋公园,陕西北路北京西路口,静安区,121.4481936,31.23180517
彭浦四季公园,临汾路1568号,静安区,121.4311173,31.31593175
静安雕塑公园,石门二路128号(近北京西路)(自然博物馆地铁站1号口旁),静安区,121.4593169,31.23673359
大宁公园罗马广场,广中西路288号,静安区,121.4360311,31.2758395
人民公园,南京西路231号,黄浦区,121.4685899,31.23407487
广场公园(音乐广场地块),延安东路523号,黄浦区,121.4733018,31.22896021
上海人民广场,人民大道185号,黄浦区,121.4706459,31.23076301
广场公园-长桥碧水,延安东路延中广场公园(东北角),黄浦区,121.4682975,31.22725025
广场公园(音乐广场地块)-停车场,金陵中路凯迪拉克上海音乐厅(大世界地铁站3号口步行140米),黄浦区,121.4738176,31.22852685
广场公园,金陵中路与黄陂南路交叉口,黄浦区,121.4671951,31.22643167
淮海公园,太仓路56号,黄浦区,121.4730543,31.22501036
广场公园黄浦段,延安东路与延安东路立交桥交叉口北100米,黄浦区,121.4634142,31.22653368
太平桥公园,自忠路170号(一大会址·新天地地铁站1号口步行490米),黄浦区,121.4723744,31.22162706
蓬莱公园,南车站路350号,黄浦区,121.4870412,31.20810387
活水公园,南车站路564号,黄浦区,121.489687,31.20438955
九子公园,成都北路1018号,黄浦区,121.4594889,31.24243142
商船会馆公园,会馆街38号,黄浦区,121.4999871,31.21498229
丽园公园,丽园路565号,黄浦区,121.4743219,31.20928939
延中广场公园春之园,巨鹿路与瑞金一路交叉口东北角,黄浦区,121.4605837,31.22514311
延中公园,巨鹿路成都南路口,黄浦区,121.4625076,31.22437136
复兴公园,复兴中路516号,黄浦区,121.4645784,31.21891629
药草园,延中广场公园春之园内(东侧),黄浦区,121.4626359,31.22524627
