<?xml version="1.0" encoding="UTF-8"?>
<metadata xml:lang="zh"><Esri><CreaDate>20240501</CreaDate><CreaTime>13282700</CreaTime><ArcGISFormat>1.0</ArcGISFormat><SyncOnce>FALSE</SyncOnce><DataProperties><itemProps><itemName Sync="TRUE">外环公园_筛选_300m缓冲区_连接_访客数据</itemName><imsContentType Sync="TRUE">002</imsContentType><itemSize Sync="TRUE">0.000</itemSize><itemLocation><linkage Sync="TRUE">file://\\LAPTOP-9RAQ9KHB\D$\Code\Python\PaChong\公园\Output\外环公园_筛选_300m缓冲区_连接_访客数据.shp</linkage><protocol Sync="TRUE">Local Area Network</protocol></itemLocation></itemProps><coordRef><type Sync="TRUE">Geographic</type><geogcsn Sync="TRUE">GCS_WGS_1984</geogcsn><csUnits Sync="TRUE">Angular Unit: Degree (0.017453)</csUnits><peXml Sync="TRUE">&lt;GeographicCoordinateSystem xsi:type='typens:GeographicCoordinateSystem' xmlns:xsi='http://www.w3.org/2001/XMLSchema-instance' xmlns:xs='http://www.w3.org/2001/XMLSchema' xmlns:typens='http://www.esri.com/schemas/ArcGIS/10.7'&gt;&lt;WKT&gt;GEOGCS[&amp;quot;GCS_WGS_1984&amp;quot;,DATUM[&amp;quot;D_WGS_1984&amp;quot;,SPHEROID[&amp;quot;WGS_1984&amp;quot;,6378137.0,298.257223563]],PRIMEM[&amp;quot;Greenwich&amp;quot;,0.0],UNIT[&amp;quot;Degree&amp;quot;,0.0174532925199433],AUTHORITY[&amp;quot;EPSG&amp;quot;,4326]]&lt;/WKT&gt;&lt;XOrigin&gt;-400&lt;/XOrigin&gt;&lt;YOrigin&gt;-400&lt;/YOrigin&gt;&lt;XYScale&gt;11258999068426.238&lt;/XYScale&gt;&lt;ZOrigin&gt;-100000&lt;/ZOrigin&gt;&lt;ZScale&gt;10000&lt;/ZScale&gt;&lt;MOrigin&gt;-100000&lt;/MOrigin&gt;&lt;MScale&gt;10000&lt;/MScale&gt;&lt;XYTolerance&gt;8.983152841195215e-09&lt;/XYTolerance&gt;&lt;ZTolerance&gt;0.001&lt;/ZTolerance&gt;&lt;MTolerance&gt;0.001&lt;/MTolerance&gt;&lt;HighPrecision&gt;true&lt;/HighPrecision&gt;&lt;LeftLongitude&gt;-180&lt;/LeftLongitude&gt;&lt;WKID&gt;4326&lt;/WKID&gt;&lt;LatestWKID&gt;4326&lt;/LatestWKID&gt;&lt;/GeographicCoordinateSystem&gt;</peXml></coordRef><lineage><Process ToolSource="d:\gis\desktop10.2\ArcToolbox\Toolboxes\Analysis Tools.tbx\Clip" Date="20220408" Time="160108">Clip 长三角旅游景点AOI 长三角 F:\100-生态\110-数据库\114-城市群\1-长三角\2020-公园\长三角公园.shp #</Process><Process ToolSource="d:\arcgis10.8\desktop10.8\ArcToolbox\Toolboxes\Data Management Tools.tbx\CalculateField" Date="20221007" Time="221905">CalculateField 长三角公园 value 1 VB #</Process><Process ToolSource="d:\program files (x86)\arcgis\desktop10.8\ArcToolbox\Toolboxes\Analysis Tools.tbx\SpatialJoin" Date="20241017" Time="161605">SpatialJoin 外环公园_筛选 外环公园_筛选_300m缓冲区_连接 D:\Code\Python\PaChong\公园\Output\外环公园_筛选_300m缓冲区_连接_访客数据.shp JOIN_ONE_TO_ONE KEEP_ALL "name "name" true true false 80 Text 0 0 ,First,#,外环公园_筛选,name,-1,-1;province "province" true true false 80 Text 0 0 ,First,#,外环公园_筛选,province,-1,-1;city "city" true true false 80 Text 0 0 ,First,#,外环公园_筛选,city,-1,-1;area "area" true true false 80 Text 0 0 ,First,#,外环公园_筛选,area,-1,-1;address "address" true true false 100 Text 0 0 ,First,#,外环公园_筛选,address,-1,-1;uid "uid" true true false 80 Text 0 0 ,First,#,外环公园_筛选,uid,-1,-1;detail_url "detail_url" true true false 97 Text 0 0 ,First,#,外环公园_筛选,detail_url,-1,-1;tag "tag" true true false 80 Text 0 0 ,First,#,外环公园_筛选,tag,-1,-1;wgs84_lng "wgs84_lng" true true false 19 Double 15 18 ,First,#,外环公园_筛选,wgs84_lng,-1,-1;wgs84_lat "wgs84_lat" true true false 19 Double 15 18 ,First,#,外环公园_筛选,wgs84_lat,-1,-1;行业大 "行业大" true true false 80 Text 0 0 ,First,#,外环公园_筛选,行业大,-1,-1;行业子 "行业子" true true false 80 Text 0 0 ,First,#,外环公园_筛选,行业子,-1,-1;Get_time "Get_time" true true false 80 Text 0 0 ,First,#,外环公园_筛选,Get_time,-1,-1;ha "ha" true true false 19 Double 5 18 ,First,#,外环公园_筛选,ha,-1,-1;value "value" true true false 5 Long 0 5 ,First,#,外环公园_筛选,value,-1,-1;Join_Count "Join_Count" true true false 10 Long 0 10 ,First,#,外环公园_筛选_300m缓冲区_连接,Join_Count,-1,-1;TARGET_FID "TARGET_FID" true true false 10 Long 0 10 ,First,#,外环公园_筛选_300m缓冲区_连接,TARGET_FID,-1,-1;name_1 "name_1" true true false 80 Text 0 0 ,First,#,外环公园_筛选_300m缓冲区_连接,name,-1,-1;province_1 "province_1" true true false 80 Text 0 0 ,First,#,外环公园_筛选_300m缓冲区_连接,province,-1,-1;city_1 "city_1" true true false 80 Text 0 0 ,First,#,外环公园_筛选_300m缓冲区_连接,city,-1,-1;area_1 "area_1" true true false 80 Text 0 0 ,First,#,外环公园_筛选_300m缓冲区_连接,area,-1,-1;address_1 "address_1" true true false 100 Text 0 0 ,First,#,外环公园_筛选_300m缓冲区_连接,address,-1,-1;uid_1 "uid_1" true true false 80 Text 0 0 ,First,#,外环公园_筛选_300m缓冲区_连接,uid,-1,-1;detail_url_1 "detail_url_1" true true false 97 Text 0 0 ,First,#,外环公园_筛选_300m缓冲区_连接,detail_url,-1,-1;tag_1 "tag_1" true true false 80 Text 0 0 ,First,#,外环公园_筛选_300m缓冲区_连接,tag,-1,-1;wgs84_lng_1 "wgs84_lng_1" true true false 19 Double 15 18 ,First,#,外环公园_筛选_300m缓冲区_连接,wgs84_lng,-1,-1;wgs84_lat_1 "wgs84_lat_1" true true false 19 Double 15 18 ,First,#,外环公园_筛选_300m缓冲区_连接,wgs84_lat,-1,-1;行业大_1 "行业大_1" true true false 80 Text 0 0 ,First,#,外环公园_筛选_300m缓冲区_连接,行业大,-1,-1;行业子_1 "行业子_1" true true false 80 Text 0 0 ,First,#,外环公园_筛选_300m缓冲区_连接,行业子,-1,-1;Get_time_1 "Get_time_1" true true false 80 Text 0 0 ,First,#,外环公园_筛选_300m缓冲区_连接,Get_time,-1,-1;ha_1 "ha_1" true true false 19 Double 5 18 ,First,#,外环公园_筛选_300m缓冲区_连接,ha,-1,-1;value_1 "value_1" true true false 5 Long 0 5 ,First,#,外环公园_筛选_300m缓冲区_连接,value,-1,-1;visit_num "visit_num" true true false 10 Long 0 10 ,First,#,外环公园_筛选_300m缓冲区_连接,visit_num,-1,-1" INTERSECT # #</Process></lineage></DataProperties><SyncDate>20241017</SyncDate><SyncTime>16160400</SyncTime><ModDate>20241017</ModDate><ModTime>16160400</ModTime></Esri><dataIdInfo><envirDesc Sync="TRUE"> Version 6.2 (Build 9200) ; Esri ArcGIS 10.8.0.12790</envirDesc><dataLang><languageCode value="zho" Sync="TRUE"></languageCode><countryCode value="CHN" Sync="TRUE"></countryCode></dataLang><idCitation><resTitle Sync="TRUE">外环公园_筛选_300m缓冲区_连接_访客数据</resTitle><presForm><PresFormCd value="005" Sync="TRUE"></PresFormCd></presForm></idCitation><spatRpType><SpatRepTypCd value="001" Sync="TRUE"></SpatRepTypCd></spatRpType></dataIdInfo><mdLang><languageCode value="zho" Sync="TRUE"></languageCode><countryCode value="CHN" Sync="TRUE"></countryCode></mdLang><mdChar><CharSetCd value="004" Sync="TRUE"></CharSetCd></mdChar><distInfo><distFormat><formatName Sync="TRUE">Shapefile</formatName></distFormat><distTranOps><transSize Sync="TRUE">0.000</transSize></distTranOps></distInfo><mdHrLv><ScopeCd value="005" Sync="TRUE"></ScopeCd></mdHrLv><mdHrLvName Sync="TRUE">dataset</mdHrLvName><refSysInfo><RefSystem><refSysID><identCode code="4326" Sync="TRUE"></identCode><idCodeSpace Sync="TRUE">EPSG</idCodeSpace><idVersion Sync="TRUE">6.14(3.0.1)</idVersion></refSysID></RefSystem></refSysInfo><spatRepInfo><VectSpatRep><geometObjs Name="外环公园_筛选_300m缓冲区_连接_访客数据"><geoObjTyp><GeoObjTypCd value="002" Sync="TRUE"></GeoObjTypCd></geoObjTyp><geoObjCnt Sync="TRUE">0</geoObjCnt></geometObjs><topLvl><TopoLevCd value="001" Sync="TRUE"></TopoLevCd></topLvl></VectSpatRep></spatRepInfo><spdoinfo><ptvctinf><esriterm Name="外环公园_筛选_300m缓冲区_连接_访客数据"><efeatyp Sync="TRUE">Simple</efeatyp><efeageom code="4" Sync="TRUE"></efeageom><esritopo Sync="TRUE">FALSE</esritopo><efeacnt Sync="TRUE">0</efeacnt><spindex Sync="TRUE">FALSE</spindex><linrefer Sync="TRUE">FALSE</linrefer></esriterm></ptvctinf></spdoinfo><eainfo><detailed Name="外环公园_筛选_300m缓冲区_连接_访客数据"><enttyp><enttypl Sync="TRUE">外环公园_筛选_300m缓冲区_连接_访客数据</enttypl><enttypt Sync="TRUE">Feature Class</enttypt><enttypc Sync="TRUE">0</enttypc></enttyp><attr><attrlabl Sync="TRUE">FID</attrlabl><attalias Sync="TRUE">FID</attalias><attrtype Sync="TRUE">OID</attrtype><attwidth Sync="TRUE">4</attwidth><atprecis Sync="TRUE">0</atprecis><attscale Sync="TRUE">0</attscale><attrdef Sync="TRUE">Internal feature number.</attrdef><attrdefs Sync="TRUE">Esri</attrdefs><attrdomv><udom Sync="TRUE">Sequential unique whole numbers that are automatically generated.</udom></attrdomv></attr><attr><attrlabl Sync="TRUE">Shape</attrlabl><attalias Sync="TRUE">Shape</attalias><attrtype Sync="TRUE">Geometry</attrtype><attwidth Sync="TRUE">0</attwidth><atprecis Sync="TRUE">0</atprecis><attscale Sync="TRUE">0</attscale><attrdef Sync="TRUE">Feature geometry.</attrdef><attrdefs Sync="TRUE">Esri</attrdefs><attrdomv><udom Sync="TRUE">Coordinates defining the features.</udom></attrdomv></attr><attr><attrlabl Sync="TRUE">Join_Count</attrlabl><attalias Sync="TRUE">Join_Count</attalias><attrtype Sync="TRUE">Integer</attrtype><attwidth Sync="TRUE">10</attwidth><atprecis Sync="TRUE">10</atprecis><attscale Sync="TRUE">0</attscale></attr><attr><attrlabl Sync="TRUE">TARGET_FID</attrlabl><attalias Sync="TRUE">TARGET_FID</attalias><attrtype Sync="TRUE">Integer</attrtype><attwidth Sync="TRUE">10</attwidth><atprecis Sync="TRUE">10</atprecis><attscale Sync="TRUE">0</attscale></attr><attr><attrlabl Sync="TRUE">name</attrlabl><attalias Sync="TRUE">name</attalias><attrtype Sync="TRUE">String</attrtype><attwidth Sync="TRUE">80</attwidth><atprecis Sync="TRUE">0</atprecis><attscale Sync="TRUE">0</attscale></attr><attr><attrlabl Sync="TRUE">province</attrlabl><attalias Sync="TRUE">province</attalias><attrtype Sync="TRUE">String</attrtype><attwidth Sync="TRUE">80</attwidth><atprecis Sync="TRUE">0</atprecis><attscale Sync="TRUE">0</attscale></attr><attr><attrlabl Sync="TRUE">city</attrlabl><attalias Sync="TRUE">city</attalias><attrtype Sync="TRUE">String</attrtype><attwidth Sync="TRUE">80</attwidth><atprecis Sync="TRUE">0</atprecis><attscale Sync="TRUE">0</attscale></attr><attr><attrlabl Sync="TRUE">area</attrlabl><attalias Sync="TRUE">area</attalias><attrtype Sync="TRUE">String</attrtype><attwidth Sync="TRUE">80</attwidth><atprecis Sync="TRUE">0</atprecis><attscale Sync="TRUE">0</attscale></attr><attr><attrlabl Sync="TRUE">address</attrlabl><attalias Sync="TRUE">address</attalias><attrtype Sync="TRUE">String</attrtype><attwidth Sync="TRUE">100</attwidth><atprecis Sync="TRUE">0</atprecis><attscale Sync="TRUE">0</attscale></attr><attr><attrlabl Sync="TRUE">uid</attrlabl><attalias Sync="TRUE">uid</attalias><attrtype Sync="TRUE">String</attrtype><attwidth Sync="TRUE">80</attwidth><atprecis Sync="TRUE">0</atprecis><attscale Sync="TRUE">0</attscale></attr><attr><attrlabl Sync="TRUE">detail_url</attrlabl><attalias Sync="TRUE">detail_url</attalias><attrtype Sync="TRUE">String</attrtype><attwidth Sync="TRUE">97</attwidth><atprecis Sync="TRUE">0</atprecis><attscale Sync="TRUE">0</attscale></attr><attr><attrlabl Sync="TRUE">tag</attrlabl><attalias Sync="TRUE">tag</attalias><attrtype Sync="TRUE">String</attrtype><attwidth Sync="TRUE">80</attwidth><atprecis Sync="TRUE">0</atprecis><attscale Sync="TRUE">0</attscale></attr><attr><attrlabl Sync="TRUE">wgs84_lng</attrlabl><attalias Sync="TRUE">wgs84_lng</attalias><attrtype Sync="TRUE">Double</attrtype><attwidth Sync="TRUE">19</attwidth><atprecis Sync="TRUE">18</atprecis><attscale Sync="TRUE">15</attscale></attr><attr><attrlabl Sync="TRUE">wgs84_lat</attrlabl><attalias Sync="TRUE">wgs84_lat</attalias><attrtype Sync="TRUE">Double</attrtype><attwidth Sync="TRUE">19</attwidth><atprecis Sync="TRUE">18</atprecis><attscale Sync="TRUE">15</attscale></attr><attr><attrlabl Sync="TRUE">行业大</attrlabl><attalias Sync="TRUE">行业大</attalias><attrtype Sync="TRUE">String</attrtype><attwidth Sync="TRUE">80</attwidth><atprecis Sync="TRUE">0</atprecis><attscale Sync="TRUE">0</attscale></attr><attr><attrlabl Sync="TRUE">行业子</attrlabl><attalias Sync="TRUE">行业子</attalias><attrtype Sync="TRUE">String</attrtype><attwidth Sync="TRUE">80</attwidth><atprecis Sync="TRUE">0</atprecis><attscale Sync="TRUE">0</attscale></attr><attr><attrlabl Sync="TRUE">Get_time</attrlabl><attalias Sync="TRUE">Get_time</attalias><attrtype Sync="TRUE">String</attrtype><attwidth Sync="TRUE">80</attwidth><atprecis Sync="TRUE">0</atprecis><attscale Sync="TRUE">0</attscale></attr><attr><attrlabl Sync="TRUE">ha</attrlabl><attalias Sync="TRUE">ha</attalias><attrtype Sync="TRUE">Double</attrtype><attwidth Sync="TRUE">19</attwidth><atprecis Sync="TRUE">18</atprecis><attscale Sync="TRUE">5</attscale></attr><attr><attrlabl Sync="TRUE">value</attrlabl><attalias Sync="TRUE">value</attalias><attrtype Sync="TRUE">Integer</attrtype><attwidth Sync="TRUE">5</attwidth><atprecis Sync="TRUE">5</atprecis><attscale Sync="TRUE">0</attscale></attr><attr><attrlabl Sync="TRUE">Join_Cou_1</attrlabl><attalias Sync="TRUE">Join_Cou_1</attalias><attrtype Sync="TRUE">Integer</attrtype><attwidth Sync="TRUE">10</attwidth><atprecis Sync="TRUE">10</atprecis><attscale Sync="TRUE">0</attscale></attr><attr><attrlabl Sync="TRUE">TARGET_F_1</attrlabl><attalias Sync="TRUE">TARGET_F_1</attalias><attrtype Sync="TRUE">Integer</attrtype><attwidth Sync="TRUE">10</attwidth><atprecis Sync="TRUE">10</atprecis><attscale Sync="TRUE">0</attscale></attr><attr><attrlabl Sync="TRUE">name_1</attrlabl><attalias Sync="TRUE">name_1</attalias><attrtype Sync="TRUE">String</attrtype><attwidth Sync="TRUE">80</attwidth><atprecis Sync="TRUE">0</atprecis><attscale Sync="TRUE">0</attscale></attr><attr><attrlabl Sync="TRUE">province_1</attrlabl><attalias Sync="TRUE">province_1</attalias><attrtype Sync="TRUE">String</attrtype><attwidth Sync="TRUE">80</attwidth><atprecis Sync="TRUE">0</atprecis><attscale Sync="TRUE">0</attscale></attr><attr><attrlabl Sync="TRUE">city_1</attrlabl><attalias Sync="TRUE">city_1</attalias><attrtype Sync="TRUE">String</attrtype><attwidth Sync="TRUE">80</attwidth><atprecis Sync="TRUE">0</atprecis><attscale Sync="TRUE">0</attscale></attr><attr><attrlabl Sync="TRUE">area_1</attrlabl><attalias Sync="TRUE">area_1</attalias><attrtype Sync="TRUE">String</attrtype><attwidth Sync="TRUE">80</attwidth><atprecis Sync="TRUE">0</atprecis><attscale Sync="TRUE">0</attscale></attr><attr><attrlabl Sync="TRUE">address_1</attrlabl><attalias Sync="TRUE">address_1</attalias><attrtype Sync="TRUE">String</attrtype><attwidth Sync="TRUE">100</attwidth><atprecis Sync="TRUE">0</atprecis><attscale Sync="TRUE">0</attscale></attr><attr><attrlabl Sync="TRUE">uid_1</attrlabl><attalias Sync="TRUE">uid_1</attalias><attrtype Sync="TRUE">String</attrtype><attwidth Sync="TRUE">80</attwidth><atprecis Sync="TRUE">0</atprecis><attscale Sync="TRUE">0</attscale></attr><attr><attrlabl Sync="TRUE">detail_u_1</attrlabl><attalias Sync="TRUE">detail_u_1</attalias><attrtype Sync="TRUE">String</attrtype><attwidth Sync="TRUE">97</attwidth><atprecis Sync="TRUE">0</atprecis><attscale Sync="TRUE">0</attscale></attr><attr><attrlabl Sync="TRUE">tag_1</attrlabl><attalias Sync="TRUE">tag_1</attalias><attrtype Sync="TRUE">String</attrtype><attwidth Sync="TRUE">80</attwidth><atprecis Sync="TRUE">0</atprecis><attscale Sync="TRUE">0</attscale></attr><attr><attrlabl Sync="TRUE">wgs84_ln_1</attrlabl><attalias Sync="TRUE">wgs84_ln_1</attalias><attrtype Sync="TRUE">Double</attrtype><attwidth Sync="TRUE">19</attwidth><atprecis Sync="TRUE">18</atprecis><attscale Sync="TRUE">15</attscale></attr><attr><attrlabl Sync="TRUE">wgs84_la_1</attrlabl><attalias Sync="TRUE">wgs84_la_1</attalias><attrtype Sync="TRUE">Double</attrtype><attwidth Sync="TRUE">19</attwidth><atprecis Sync="TRUE">18</atprecis><attscale Sync="TRUE">15</attscale></attr><attr><attrlabl Sync="TRUE">行业_1</attrlabl><attalias Sync="TRUE">行业_1</attalias><attrtype Sync="TRUE">String</attrtype><attwidth Sync="TRUE">80</attwidth><atprecis Sync="TRUE">0</atprecis><attscale Sync="TRUE">0</attscale></attr><attr><attrlabl Sync="TRUE">行业_12</attrlabl><attalias Sync="TRUE">行业_12</attalias><attrtype Sync="TRUE">String</attrtype><attwidth Sync="TRUE">80</attwidth><atprecis Sync="TRUE">0</atprecis><attscale Sync="TRUE">0</attscale></attr><attr><attrlabl Sync="TRUE">Get_time_1</attrlabl><attalias Sync="TRUE">Get_time_1</attalias><attrtype Sync="TRUE">String</attrtype><attwidth Sync="TRUE">80</attwidth><atprecis Sync="TRUE">0</atprecis><attscale Sync="TRUE">0</attscale></attr><attr><attrlabl Sync="TRUE">ha_1</attrlabl><attalias Sync="TRUE">ha_1</attalias><attrtype Sync="TRUE">Double</attrtype><attwidth Sync="TRUE">19</attwidth><atprecis Sync="TRUE">18</atprecis><attscale Sync="TRUE">5</attscale></attr><attr><attrlabl Sync="TRUE">value_1</attrlabl><attalias Sync="TRUE">value_1</attalias><attrtype Sync="TRUE">Integer</attrtype><attwidth Sync="TRUE">5</attwidth><atprecis Sync="TRUE">5</atprecis><attscale Sync="TRUE">0</attscale></attr><attr><attrlabl Sync="TRUE">visit_num</attrlabl><attalias Sync="TRUE">visit_num</attalias><attrtype Sync="TRUE">Integer</attrtype><attwidth Sync="TRUE">10</attwidth><atprecis Sync="TRUE">10</atprecis><attscale Sync="TRUE">0</attscale></attr></detailed></eainfo><mdDateSt Sync="TRUE">20241017</mdDateSt></metadata>
